index,time_abs,time_delta,j1_rad,j2_rad,j3_rad,j4_rad,j5_rad,j6_rad,t,j1_vel,j1_acc,j1_jerk,j2_vel,j2_acc,j2_jerk,j3_vel,j3_acc,j3_jerk,j4_vel,j4_acc,j4_jerk,j5_vel,j5_acc,j5_jerk,j6_vel,j6_acc,j6_jerk
0,0.0,-0.0,-3.166481048723232,0.017819811662862103,1.8657918769669781,-0.0064228116473391324,1.1871729572065428,-3.2598561637049293,0.0,-1.5220092408803259,214.06797200518034,-6059.787868846694,1.3278875614879213,-2.9282482777664933,-1093.011328433293,-1.1555722311027865,2.2119954348335584,871.2041673231906,0.21173923819488857,-18.000929204402627,422.6202287818072,-0.07515182426234358,-10.708011406480642,359.029424019101,0.1409815369905075,-13.54032186758903,411.70059564072966
1,0.425,0.402,-3.8133349760973707,0.5821720252952286,1.3746736787482938,0.08356636458548851,1.1552334318950468,-3.1999390104839636,0.425,89.45687886132131,-2361.341872254665,7055.947825275303,0.08338204343716171,-467.45806286191606,4057.8588556299546,-0.2154741712985242,372.4737665471896,-10992.525314057058,-7.4386556736762275,161.61266802786542,1227.6130773664427,-4.626056672016617,141.87949380163727,-4678.633381131072,-5.61365525673483,161.43243127972107,13362.861796310433
1,0.439,0.416,-2.518981349525856,0.5827654372409067,1.372090591455342,-0.02410299697004169,1.088369868251144,-3.2811840871642994,0.439,55.21037422746202,-2256.509934004227,16647.682889035415,-6.675261057002595,-408.27257875115225,6610.296345870046,5.169914577157481,213.10713926015413,-11770.52068316567,-5.093244756444877,179.1704948717547,410.2766776677654,-2.56937399168595,74.05537491330942,-4620.6992358166535,-3.2729079020731504,354.4852672406115,10446.005308520445
1,0.467,0.345,-3.0587244207051025,0.019669860669976093,1.8166957651083777,-0.02125811028929093,1.139996707525136,-3.2311280442171024,0.467,2.6495583065439967,-1277.4323243270035,31670.237210885956,-13.935585270340388,-89.74962214112321,9005.094365073373,1.5293592811864232,-138.15008897762112,-7934.067605972897,0.5754331438571278,143.40242842029,-1893.757238179222,-4.575453220290622,-42.78688534197846,-2540.55615501743,17.140865127491523,459.738369312768,-911.4373349004977
1,0.528,0.504,0.016720254234105676,-0.009791297103688189,0.0030543261909900766,0.07681194038027044,0.007819075048934596,-0.14521139376592823,0.528,4.427305189374728,216.32827936209202,15894.284416164945,3.1213622257227085,144.50864709053116,616.2394127713725,-7.978249225647566,-9.381388271488326,647.305332910497,1.4756110545731869,-54.022125182005766,-1820.760316660256,-3.3503246551973236,19.171058756766584,-351.0613917538844,9.393543128719099,-216.5323002833903,-3156.819763942598
2,0.602,0.176,-3.7841879775890654,0.5447521661324701,1.3654932468828036,0.1741489527639942,1.125301035223344,-3.1482074514548515,0.602,37.23927730173271,621.0541365416861,-8128.0124546966545,1.6858018822820462,-99.31509560331229,1488.3223287635908,4.477203605489386,-92.87400000071568,-3930.5156659391473,-8.696363442536084,-61.6696053871716,3035.599848038209,-2.0136282097968703,-129.50268577578564,-559.3631401679122,-14.666731852312168,261.7057515197756,5814.466718362484
2,0.622,0.183,-2.560467825845761,0.5470734540376225,1.3797176802865576,-0.0538957673015849,0.9925163857316154,-3.3014648130724735,0.622,50.62062548119514,384.9950723398531,17188.54875393193,-0.7324764162856229,-43.69330972764964,-3004.190799813142,1.2078807397928233,-186.63154104413493,-10640.571532694532,-9.520082526286926,16.009657385133465,1201.6627500493857,-5.40133679695675,-132.85350795386069,-6904.439152806492,-6.260483834809655,374.4912499013174,21753.462650988957
2,0.725,0.257,-2.9509503393944527,0.021519909677090086,1.7675821999572574,-0.0360759556387228,1.0928204578437295,-3.2023999247292756,0.725,-60.41105303491659,17533.957810811127,-700606.4306933803,35.72878271049561,-3421.9267877565417,92419.28087700473,-30.303253229177415,-4440.217196105397,343728.40537957987,22.468324343107476,-1283.0453204745404,-29219.36169096433,0.2931095926180092,-4417.598308081133,229375.68611364957,8.006285370969664,11162.868785345821,-683546.3917122323
3,0.737,0.037,-3.75504097908076,0.5073497602622317,1.3563128150173134,0.26471408764997995,1.0953860918441611,-3.09647589242574,0.737,176.0170103956627,7914.42263378247,-1308184.2180310083,-10.613294292612295,-2137.833828505564,212390.91318717328,-89.36582924603951,222.8115412857187,491387.2268901273,4.843817561936382,-1656.8954622354868,18228.80229557932,-58.9714227658278,-1286.2510297879385,380383.07872631133,157.3734033258593,1858.239651301068,-1061142.8013766338
2,0.747,0.219,0.030333822399661446,-0.024609142453120045,0.003543018381548489,0.1446354351127701,0.012461650859239512,-0.2848551872179946,0.747,156.92860352155026,-9388.721934960578,-1251515.2384765442,-17.62491656305606,864.2683582238817,229212.44615971475,-44.26527319964709,5993.362966638673,370954.84711308975,-13.293358425456532,-1063.0825994825418,65534.16644456739,-41.39676639635266,3512.892025824168,332364.76910919737,87.71396501992777,-11134.4970308506,-872997.9660874287
3,0.762,0.048,-2.6019368488731467,0.5113640175418186,1.3873273158252526,-0.0836885376331281,0.8966629032120869,-3.321728085688128,0.762,-152.19955357271874,-17388.468098159166,-427769.92518213444,30.56129697883801,2705.0051690719392,100551.7258209115,79.00958694492043,6920.429026335402,41079.93943535983,-12.350309934417828,58.3697009946112,64178.484950343794,50.793707740734675,5178.498992291841,86425.44317556417,-173.0959374486241,-14638.263224287952,-175035.37591937603
4,0.852,-0.024,-3.725911433864975,0.46994735439199314,1.3471323831518234,0.3552792225359658,1.0654536951724585,-3.0447443333966278,0.852,21.679199980677765,1107.3409122450555,24957.05439125897,0.010865985974932713,-213.9327542838301,-4699.193875841236,0.9849083317982021,-573.5872784701066,-11783.321197317406,-9.527143985206065,118.53240253373514,2203.714056556714,-5.6089960505457945,-335.32259993888874,-7691.699529360837,-6.045279882176246,1225.032910249662,26336.692910520444
4,0.884,-0.012,-2.6434233251930515,0.47565458104601466,1.394936951363948,-0.1134813079646713,0.8008094206925582,-3.341991358303782,0.884,47.7314789050907,-148.3131366118833,-23943.621219455024,-5.406883545935533,-48.76193041954171,1780.4185558589495,-14.03217256492026,-137.3298759724016,14384.566061442367,-4.742375710852933,206.51886729122958,-3035.936034067836,-13.024129387861443,28.08453139543896,8610.346139368807,25.9754225866236,362.0261422587879,-25358.78930506868
3,0.925,0.122,0.043947390565217216,-0.039426987802551904,0.004014257279586958,0.21247638313778966,0.017086773377024488,-0.42451643396258076,0.925,-8.907895942641609,-326.50631023103597,13631.29621533171,-1.0738617536704336,-153.38183990188725,3707.7078827063488,-2.2247440627220296,491.91573486945697,-5428.132465402852,6.718909020101371,-221.87474291993198,-3932.4155285575916,1.7753464119014168,236.85125412120323,-6596.170408221344,7.270944999636448,-593.0998611490251,925.4782496083408
5,0.968,-0.034,-3.6967644353566693,0.4325274952292347,1.3379519512863332,0.4458618107144714,1.0355387517932757,-2.9930127743675157,0.968,24.627637429590436,1070.379529830064,-42263.12336883748,-19.35249395393715,288.3338581341644,25514.846339787116,28.124363437410622,-678.4222350966509,-27232.524212236614,-25.434446063796827,-97.10347294653252,28867.621107607534,6.362821231387279,-573.8862464226685,-5015.432987030119,-24.40589353631958,539.0143002085211,15156.513207923334
3,0.982,0.239,-2.8431937113763226,0.023352505391684132,1.7184860880986568,-0.05089380098815465,1.0456616614548426,-3.1736718052414488,0.982,40.9370147392883,137.9801572339211,-56384.98957486272,-12.063959654711606,715.0186393609844,19070.100601941842,12.317005057133425,-1059.7475967544824,-13958.769594460056,-23.828145887616863,425.3997081089894,27896.84808221798,-4.77372702408417,-581.0225457251845,4756.683824403453,-11.044943265685383,700.2832123721782,4368.833133633865
5,1.006,-0.029,-2.684892348220437,0.43994514455021067,1.4025465869026432,-0.1432740782962145,0.7049384848805097,-3.3622546309194363,1.006,1.9958377861083836,-794.9867217276579,-37174.92514167162,13.095031319814629,703.3686929270322,-1128.4646925787433,-10.263703556752173,-848.4320960767027,13997.099601657033,-0.8369490934540014,707.160544975208,5869.480896977102,-9.895380435653598,-250.18658925461017,13663.129735380715,-4.691327450977827,510.9483554536615,-16507.227868395436
6,1.083,-0.042,-3.6676174368483645,0.39512508935899626,1.328771519420843,0.5364269456004572,1.005623808414093,-2.941281215338404,1.083,145.22423451940597,-3237.807559365728,-77032.94466131699,-17.95583272622897,457.6167041535359,8668.207361634857,-52.75872525257997,1512.0558256794168,28785.01339719166,-8.345116444250527,-291.1608635678906,4754.317642219174,-38.247018341902475,771.8089887580734,20755.92917612786,95.47690255477542,-2889.1813329324204,-50680.77472914205
4,1.103,0.082,0.05757841202329293,-0.054244833151983765,0.0045029494701453706,0.28031733116280927,0.02171189589480946,-0.564160227414647,1.103,53.98539965494785,-5013.832679698384,-26957.135583002033,-4.331422389768732,692.5901585624439,2223.32756984363,-11.795846534697912,2078.038307138355,4070.89610428561,-15.174319152878109,-104.02500038490163,9834.81297040283,-16.888697899470237,1225.8016467315779,8365.003577883583,15.926691808317855,-3936.683821325879,-4672.359250561625
6,1.128,-0.031,-2.7263613712478225,0.40425316134692657,1.4101562224413386,-0.17306684862775773,0.6090850023609812,-3.3825353568276104,1.128,-85.48200910236994,-3755.1323057224895,52733.974414971526,13.338632878649571,450.506311852232,-7716.046923402364,41.08931024514369,1422.6785857248365,-26491.744288990572,-10.355096192298289,156.7834429768365,6814.992549841579,18.690269037880512,986.9695699039323,-13008.822359315538,-81.21456884992264,-2562.7813910552045,50747.21287739259
7,1.198,-0.044,-3.638487891632579,0.35770523019623784,1.3195910875553527,0.6270095337789628,0.97569141174239,-2.889549656309292,1.198,9.077282232824942,403.89395668889375,38852.363495007594,-5.359921473056957,295.9751884352727,-7627.151302957869,4.902184893989858,-486.10517926465474,-18901.05384596013,-6.433408371405737,-75.16673472134144,9461.172485937619,2.285073843495228,-600.9336953452569,-4316.3401227747945,-1.326935309997559,164.5821810090946,40261.06506617766
4,1.239,0.241,-2.735419630065673,0.025202554398798118,1.6693725229475362,-0.06572909963010645,0.9984854117734361,-3.1449436857536224,1.239,2.8965330589306575,1503.0519753605372,-15662.720439448589,20.29744294429898,-146.88496914011296,-22148.181214979013,-14.287196584183988,-1060.1139986034698,22248.849139179947,-12.665698964691098,619.5177484533117,14010.069539663127,-31.156214769643043,-336.80942677963867,38213.75620869643,-18.033091754190878,1846.473881721781,10576.411741715507
7,1.251,-0.03,-2.7678478475677277,0.36854372485112263,1.4177833112725537,-0.2028596189593009,0.5132315198414525,-3.402798629443265,1.251,26.74163192302419,1165.9313014356342,-45213.39290124963,15.821040248643657,-452.51501712995645,-15562.928596943973,-29.088066122986213,-665.8140223167184,38408.85192206151,-2.521740217456566,777.3357185539076,2848.7244966773574,-33.516177323131416,233.3440605639059,39616.64507597708,12.040875805440185,1866.4608583275817,-24765.103328919708
5,1.28,0.081,0.0711919801888487,-0.06906267850141562,0.004991641660703782,0.3481582791878289,0.026354471705114377,-0.7038040208667135,1.28,3.0039907020548213,-1345.083998176776,-40067.028957024326,-2.872220844162313,-209.57748144753475,9293.24859703038,-8.61794937494388,837.0416663416997,23026.599845646477,15.25573704575704,137.89605372047887,-17309.113412737748,3.387166868602561,828.8385681202273,1364.2991567641084,21.335714756604283,-704.0776251620933,-50940.654957275736
8,1.314,-0.043,-3.6093408931242736,0.3203028243259994,1.3104106556898627,0.7175746686649486,0.9457764683632073,-2.8378180972801803,1.314,-63.718024217451116,-852.9912733260155,22188.86306476632,7.342851487259312,142.9103010750041,4827.696046602187,25.0703969616517,472.0775202331958,-12730.250946903818,1.0049205757617083,-261.6464604590745,-6040.494078122988,13.881255202547939,111.06910829236824,-15761.014253721587,-43.44517436035704,-933.3155772691194,6447.787751796384
8,1.373,-0.03,-2.8093168705951124,0.33283428835531864,1.425392946811249,-0.23265238929084414,0.417360584029404,-3.423061902058919,1.373,-0.45938410876181024,1246.0875678774235,1457.7353077828902,-0.35404024087907926,-139.41206215937663,-251.57683163541753,-0.18850924771199118,-483.3636247051952,-532.9745136756383,1.692508604939606,-33.354940015688626,-768.2213130606601,0.20557113191114418,-271.10027534519077,-924.8086198250957,1.0053339025923655,797.5353731497232,999.7145565192113
9,1.429,-0.042,-3.580193894615968,0.28290041845576086,1.3012302238243725,0.8081398035509344,0.9158440716915044,-2.7860865382510682,1.429,78.5651309472153,-485.8372061727981,30130.991302300237,-8.637164250828738,87.46923578800283,-68122.69308969063,-30.193367900519082,319.2087494144858,58990.578944991146,-2.5677094553485205,-322.87392255547303,51702.62484579053,-17.06541863385781,-27.75270168858475,172792.4140830497,48.01330473550232,-652.650503787499,71466.2499376709
6,1.458,0.081,0.08480554835440447,-0.08389797714336743,0.005480333851262195,0.4159992272128485,0.030979594222899347,-0.8434652676112996,1.458,35.98713824881957,1304.9251580956116,55480.20221990779,-2.5656206919819677,-2971.989860409255,-46556.15554910184,-8.095899183623036,2700.6169608085856,15019.23850779577,-15.637439328070148,2030.6068803874007,45824.475865830245,-13.65536778822026,7512.939112909271,102158.51597912048,6.678617550137858,2882.0457538337523,82325.9222508235
9,1.495,-0.031,-2.850803346915018,0.2971423051520346,1.4330025823499444,-0.26244515962238735,0.32150710150987544,-3.443325174674573,1.495,215.18031524063917,3061.694818174059,-199503.69107985497,-262.71106785788635,-1912.0782325640903,281398.7871319279,183.3438835240022,88.82693850956275,-212059.82714474903,176.62888439491704,2058.2911998137424,-192823.15147408633,613.4349562193124,3840.471443973249,-673893.7990963366,316.6523428197752,4060.5927042205585,-323257.51658651885
5,1.496,0.24,-2.627663002047543,0.027052603405912107,1.620258957796416,-0.0805469449795383,0.9513091620920293,-3.1162155662657955,1.496,218.19386508531446,2855.5158851438746,-204013.04186639155,-264.484797987776,-1623.8482960559813,284457.3748949436,183.29527205054478,-127.05642667903109,-212638.08410316583,178.6023621912756,1860.2363895201256,-195663.4566216811,616.9211596716267,3151.046890386392,-680134.8860514205,320.59625780652743,3727.7376163673944,-329077.6942106187
10,1.544,-0.043,-3.551046896107663,0.24548055929300244,1.2920497919588823,0.8987223917294401,0.8859291283123216,-2.734354979221956,1.544,-8.851615188921125,-1946.8968830103986,-85492.83413759772,2.8982289547364157,3338.1237420940256,51535.12458537797,-3.5406086526684852,-2856.5568427492626,-8565.405576937355,6.985507531972059,-2021.9306681297041,-41248.31898041805,-4.0293082727199305,-8092.033638258499,-101633.18089100254,1.4550020244137585,-3364.876753231466,-95716.82572246961
10,1.623,-0.024,-2.8999867252362184,0.25960027294163657,1.4410310969091182,-0.29377381969568556,0.22081905696232257,-3.464600738256384,1.623,199.21976236482098,-6808.061357519977,-135047.14212338265,-23.64278099995464,669.2105251801919,10609.334640479057,-94.5255648548422,2746.6765849115327,70365.13655190947,49.2300088549478,-127.80125887323766,-30756.97926599547,-13.42256226856173,1119.4037719238208,22389.536487742567,162.60507624661255,-4159.445120446477,-107176.45206578966
7,1.636,0.081,0.09841911651996024,-0.09871582249279927,0.0059515727493006645,0.4838227219453481,0.03562217003320427,-0.983109061063366,1.636,90.5165205589415,-8720.937079390425,-65613.56997702456,-12.792738067176652,902.0992782373055,7619.017752682461,-50.47918638233041,3660.221387458544,39267.47669503101,46.151256272515226,-644.7296836661601,-30431.124986648705,3.778720524539791,1208.9278935689197,5774.787855869847,95.27045434246054,-5760.499093034949,-67047.89465906726
11,1.659,-0.043,-3.5219173508918775,0.20807815342276398,1.282869360093392,0.989287526615426,0.855996731640619,-2.6826234201928445,1.659,-124.67964398098809,-6912.37619396562,64547.58331438554,10.701486308603155,658.3889629867654,-5152.902570914606,44.77577694692977,3301.700195730365,-23603.233927322304,14.723976989226621,-964.8805276947282,-8789.21208645972,26.9350592749841,1296.5110659377085,-16885.043347067665,-60.859706900922376,-5019.351084815337,30227.028751909114
11,1.751,-0.017,-2.9491701035574183,0.22205824073123856,1.4490421581757722,-0.3251199330615037,0.1201310124147697,-3.4858588485456745,1.751,138.7659394336731,-6157.462036144963,-59513.962966695195,-62.34718072995844,2187.4188243746503,49879.92321185954,39.478453714745854,-1819.4483431870267,-49151.800968318596,73.71540278226526,114.49541699084511,-90516.1327048259,252.82872959922213,-7871.939631613961,-237304.8246120233,128.32137397812937,-2973.285990450866,-100967.73376886128
6,1.754,0.24,-2.519906374029413,0.028902652413026097,1.5711628459378155,-0.09536479032897018,0.9041329124106224,-3.087487446777969,1.754,119.41106409831639,-6342.628663792317,-35833.315495935676,-55.493263010387004,2340.3122929311858,40976.51836016969,33.84775196034179,-1966.2666187705693,-40684.320653504255,74.00736249414648,-167.05554981241562,-91353.17993503335,228.2026308074163,-8597.319646388243,-204356.57999736696,118.90948971566053,-3288.2421063852858,-90021.56167539471
12,1.775,-0.044,-3.4927703523835723,0.17065829426000556,1.273671474935382,1.0798701147939316,0.8260817882614362,-2.6308918611637324,1.775,2.238340013650115,-3289.460912389671,125135.77996871257,1.8372339430641447,1732.5874181697932,-35056.60568015955,-20.580654027324492,-1607.1369849660275,26791.907436420915,31.63600424348305,-1718.392405538772,-32365.40482934325,-9.468228987367057,-7385.604362007566,107102.46870589629,27.667144703889967,-2979.0147870656992,36746.100386690814
8,1.814,0.081,0.11203268468551601,-0.11353366784223114,0.006440264939859076,0.5516636699703676,0.04024729255098924,-1.122770307807952,1.814,39.82474386387781,123.92701908218865,56665.58016990926,-2.8347391574715024,-77.6893814015488,-29077.721420645845,-11.939170884443632,139.6162087052162,24830.42156533014,-13.704056774466832,25.70592608454956,33099.228621789254,-12.713627175992112,369.4894354181728,124287.51794527259,10.41276857349429,49.0319710225171,53706.992299473786
12,1.879,-0.017,-2.9983534818786186,0.18453366181336048,1.457070672734946,-0.3564660464273219,0.01942551457469689,-3.507116958834966,1.879,-43.101250190285555,464.3277722224566,2761.209591397237,-3.323195543363232,-89.28109550423994,1123.110974766615,-11.743147883541738,-408.53625794654056,4461.906435871948,116.69625101893693,918.187966018817,-23939.96010155649,60.34620326489379,370.73199752737673,-12835.93577480769,66.84046613516256,947.002974908527,-16270.841132999325
13,1.89,-0.043,-3.463623353875267,0.13325588838976707,1.264491043069892,1.1704352496799175,0.7961668448822533,-2.5791603021346208,1.89,-34.75435872919168,490.092420285546,25528.424913187544,-4.457498858631268,-74.50418478820615,1919.7599299999838,-17.003166591216036,-335.45070902579727,7721.471452980189,124.77101949951928,584.7234077346488,-76913.43257563411,63.02202273525838,205.6065300674344,-40343.50158063363,77.40434548464589,712.0178864736442,-43696.54138291138
9,1.992,0.081,0.12564625285107178,-0.128351513191663,0.006928957130417489,0.6195046179953873,0.044872415068774214,-1.2624141012600185,1.992,-238.92131048868367,25023.906326029683,79844.40825211699,15.006997996668606,666.4850994709822,-543600.0137881861,83.78014778977031,1471.09828821493,-942813.0797077833,43.15821537609284,-51334.129469504114,8283567.693832428,48.384037210103145,-27868.987089345726,6183145.63045572,-84.84938176806865,-24869.17910276014,5915123.0483267065
14,2.005,-0.044,-3.434493808659482,0.09585348251952858,1.2553106112044017,1.2610178378584231,0.7662344482105505,-2.5274287431055087,2.005,131.1670872913612,25795.653660160264,-4883244.365002684,24.459402153702783,-7313.022137322519,-660853.5386978555,103.70473427953448,-12376.928749960032,-1175842.458805034,-707.9133762144259,70920.34224990662,18176464.65731136,-359.8501055907948,63212.566496762054,11558143.056560624,-446.717917088537,62243.50216699303,10639048.296161462
13,2.007,-0.018,-3.0475368601998185,0.14699162960296244,1.4650817340016,-0.38781215979314,-0.08126252997285598,-3.5283750691242566,2.007,181.93603010996037,14508.36199336847,-5557548.041054817,7.359471679239511,-8649.204688476453,-435238.1694483872,74.6710031644806,-14762.647393636415,-791617.2164903118,-526.474205540876,109972.43295685678,15787513.312097194,-204.31260556153836,87729.42790335792,9510181.079190118,-294.5141301866872,84733.31347127944,8632265.330567095
7,2.011,0.241,-2.412132292718763,0.030752701420140086,1.5220492807866948,-0.11018263567840202,0.8569741160217358,-3.0587593272901423,2.011,152.96060275601772,-7033.047832127315,-5193677.020033702,-28.031262684632438,-8527.332517242166,32072.24657553905,13.65415890104628,-14719.17941681605,14871.972626211074,67.43830724727056,143214.22987424332,7973704.585258146,226.29052916179234,103784.15522726931,3839912.36919517,113.47048386132772,98361.25222095136,3256631.5564305214
15,2.121,-0.045,-3.405346810151176,0.05843362335677015,1.2461301793389112,1.3515829727444089,0.7363195048313678,-2.4756971840763966,2.121,17.02258545601245,1480.6748933898646,-919.5540356315469,3.0241584393131533,-146.66899885643815,7101.368997319289,13.01516140489099,-968.2027040456693,16221.791581346239,-102.28883303532315,1669.1858849901992,-113534.4244069262,-54.00346786751139,521.8939461502232,-78760.31062505515,-62.36817726718209,1772.502191259186,-81850.23200920621
14,2.136,-0.018,-3.096720238521019,0.10946705068508435,1.473110248560774,-0.41915827315895815,-0.18195057452040886,-3.549633179413547,2.136,44.78913509685246,1306.6876509856982,-22364.47113768142,-0.05335815300325586,-181.46172083492635,-401.7027440382942,-3.4764115928599386,-947.3948731961403,7681.211889537202,-70.68071771773504,2365.9759563665466,24864.644837536347,-39.89546987370319,1099.5546669629882,23862.447385313902,-28.885344564609692,2173.3995800841617,7405.98120807349
10,2.169,0.082,0.13925982101662757,-0.14316935854109483,0.0074176493209759005,0.6873455660204069,0.04951499087907913,-1.4020753480046046,2.169,48.38525077927807,-212.9022479172888,-6897.425313625074,-4.320535566360193,-55.48475622949048,1680.443022142505,-23.702096893258595,-236.96879897273809,14834.519665956066,26.183065137446683,1619.2185057489087,-11377.821089246527,7.934792667557032,823.5512221183889,21521.92038870282,38.568740811828626,1015.1278337438731,-11890.944071335536
16,2.236,-0.044,-3.3761998116428713,0.021031217486531674,1.2369497474734212,1.4421481076303946,0.706387108159665,-2.423965625047285,2.236,-9.664014889153066,4650.659110515277,17784.138697897186,2.004239278652722,-233.59737507071839,-2119.493179601238,11.55896817617922,-153.58068974039588,-8937.511648928947,-44.351654436317546,2387.4076269520206,39238.228879632894,-22.021932160121953,6330.875429510162,30983.199435889605,-33.38408307619982,3375.453026718442,32281.312025238818
15,2.264,-0.019,-3.1459036168422196,0.07192501847468633,1.4811213098274278,-0.45050438652477637,-0.2826386190679617,-3.5708912897028386,2.264,185.1123475434743,4507.299140305469,-258856.69630276703,-8.374541666678653,-286.6372016015732,11029.357789483489,-0.6967292040772008,-522.9769035319393,40322.714674108094,62.750819927952826,3811.0603068149776,-19884.074437009986,234.55518775793948,6599.1052412430945,-159573.25764974556,113.1929390556694,4244.8405245678405,-113862.73069266404
8,2.268,0.24,-2.3043756647006335,0.03260275042725408,1.4729531689280946,-0.12501793432035382,0.8097978663403291,-3.0300312078023155,2.268,201.74211580869456,3326.8799565991394,-278297.71762815915,-9.473071303687242,-235.1348348388147,12238.27797332403,-2.837364490013893,-331.1057953525149,44377.22008783159,77.98704511901983,3691.107544493482,-32614.91646518868,259.4862582501923,5864.153414196643,-179687.78729836352,129.60655651222706,3706.5825822615907,-129751.2018256928
11,2.347,0.092,0.15289084247470328,-0.1579872038905267,0.00788888821901437,0.7551865140454265,0.0541401133968641,-1.541719141456671,2.347,-831.3188992886465,7564.6041790894815,481204.7050575686,33.5773672224478,-262.67960246589155,-19823.199504025775,289.37901169905746,-2427.471900611272,-159354.15403548244,185.55499883939638,-2983.8199180385272,-89046.19919466344,147.62405858769492,-2011.9048773396644,-46852.96660944726,-196.71460466397735,966.1636103259589,125964.55668720716
17,2.351,-0.043,-3.3470528131345656,-0.016388641676226754,1.2277693156079312,1.5327306958089002,0.6764721647804822,-2.372234066018173,2.351,-796.8799608732137,9576.017961606718,465021.0654662256,32.363079827816556,-345.9166094054133,-19323.869169198653,278.42833151507125,-3091.7883393804586,-154200.6201141711,172.73963013729082,-3340.926931830728,-80481.76305931332,139.45574486741532,-2188.6141668073783,-40554.7877293393,-191.81768465909857,1502.5592354410114,125300.96001700991
16,2.392,-0.019,-3.195104448455939,0.03438298626428829,1.489149824386602,-0.48185049989059453,-0.3833266636155146,-3.5921668532846494,2.392,1.8173566464823132,12742.823882186267,-20090.213146954273,0.38511313801379915,-513.9632221147912,263.63778381714747,2.8467968058794364,-4422.078518854204,4140.778614498579,-21.84824290466925,-2944.5845063959123,16680.499855459017,-11.859079335616054,-2328.9902822634344,7434.060356978114,-13.244895324505405,2942.561679636674,3482.9579429965997
18,2.467,-0.043,-3.3179232679187805,-0.053791047546465236,1.2185888837424408,1.623295830694886,0.6465572214012995,-2.3205025069890612,2.467,33.163500446325656,-2117.0585287469494,-72731.30462640713,-1.6699842434287466,104.30078382086349,2539.9431340568253,-13.3395654404535,908.0214165006619,23603.602895170457,4.45960506059389,-731.313741749033,28608.176782330684,0.2736110026869636,-281.78922409899116,19297.434048142837,13.6080559659835,-1136.9401944464764,-9639.51210253171
12,2.525,0.081,0.16650441064025903,-0.1728225025324785,0.008377580409572781,0.8230100087779261,0.05878268920716902,-1.6813803882012572,2.525,-203.3294132513122,-710.8455262987372,117057.04820772794,10.286738613590435,-4.206952314061255,-6203.202310040106,89.7336280018787,148.09399827261132,-52089.48789131496,-86.4917133116808,887.4983160545771,53167.732203180305,-35.965238046294616,478.698973036629,22047.723186076368,-119.38929116969814,311.3272859972358,70762.97297743217
17,2.538,0.001,-3.244287826777139,-0.003141592653589793,1.4971783389457758,-0.5131966132564126,-0.4840321614555874,-3.61342496357394,2.538,-202.76077531729788,1081.3310555498683,124837.4335847129,9.6191104483059,-97.47223919244476,-6081.020003227942,86.91219352261948,-642.6702440261677,-53728.61949917615,-67.79905348511136,1652.27303008437,43498.01165801176,-26.526761140283764,791.3566150483662,17000.229414301415,-107.75339741389973,1364.6768077507545,67053.86881050105
19,2.582,-0.043,-3.2887762694104747,-0.09119345341670371,1.2094084518769506,1.7138784188733915,0.6166248247295966,-2.268770947959949,2.582,-0.661161738028909,4634.85663032531,1535.047566591791,-1.5374384193840962,-202.22952196576864,-143.5532184131955,-4.752442479648996,-1949.4651378764036,57.31391978751344,36.826511299694126,1283.0737740850905,-5151.2050693078645,18.020574877466565,489.40563806111084,-3233.5643400062104,22.22785896882117,2234.1422786545754,-1226.66288267842
20,2.697,-0.043,-3.25962927090217,-0.12861331257946215,1.2002280200114606,1.8044435537593775,0.5867098813504138,-2.217039388930837,2.697,544.876112939707,-19001.697376482305,-291116.02598788776,-9.36614752431149,453.72128295936454,5107.341815256979,-188.71828488516695,7001.192822968249,101110.6349861836,-144.67603006220358,1664.432056176789,96786.58737465361,-82.9051001168837,1208.2950061126903,61989.67319264711,62.751987691584134,-4215.021052096018,-21220.623725930578
13,2.703,0.08,0.18011797880581482,-0.18764034788191036,0.008866272600131194,0.8908509568029457,0.063407811724954,-1.8210241816533237,2.703,423.4325548413446,-20775.184035498023,-190025.80471226538,-6.480474674250751,484.178578927492,2449.7132364366425,-144.0186736098403,7615.143917743733,63227.99757632014,-133.67432693485216,2274.4118884455393,89643.58810728884,-75.00234969267645,1597.681607065738,55044.7581347259,36.03206510001495,-4331.432393870754,2188.2423005095225
18,2.726,0.056,-3.29347120509834,-0.04068362486398782,1.5051894002124298,-0.5445427266222308,-0.5847202060031403,-3.6346830738632314,2.726,-101.52978615941264,-15839.318142140319,236088.48452467576,4.940684636461456,308.9519901796871,-7355.9972136253255,45.69553733909959,5622.319394526645,-92158.41048954998,-42.4994540684627,3276.476008867429,16817.925479629757,-13.519938107361252,1995.004111260243,1661.3033620692747,-52.844417936933596,-2377.572797051874,74566.9341563571
10,2.783,0.241,-2.0888449553718536,0.03628539514896211,1.3747434919183734,-0.15465362501921756,0.7154628202700355,-2.9725749688266623,2.783,-17.645175263816782,652.8027830560361,87780.2175981802,-3.9524379920037123,-73.25179228422365,-708.9280569362622,-4.8008960732754105,-409.60350946524557,-28260.8665479336,47.12179709811291,456.3582339201424,-32541.459998500202,4.400054233445312,-115.89063262275171,-14571.131433115137,21.6354656778921,405.96259851378113,4947.142122098058
21,2.813,-0.045,-3.2304997256863843,-0.16601571844970064,1.1910475881459703,1.895026141937883,0.556777484678711,-2.165307829901725,2.813,-10.990413728202773,103.75819684625516,-14913.486208882423,-4.843130134972403,0.1603890599182789,1870.4095687532001,-9.568493497715835,-32.76094336593113,9912.960773733414,43.19236909268996,-252.50203278478998,-16093.506146599251,-5.870503637288199,-198.35968581137374,-528.8850218167765,19.592732691604482,-138.57280391915208,-12734.366733361425
14,2.881,0.081,0.19373154697137057,-0.20245819323134223,0.009354964790689606,0.9586919048279653,0.06803293424273897,-1.96066797510539,2.881,-22.132945536175335,-388.15513231571333,-14134.35608060253,-0.23132407947687694,38.46522733750845,-3118.619852358651,7.64906504994534,233.10471468026023,-1635.6806212251963,7.291778762401904,-185.43967232318653,27058.345437464282,2.835042148113144,107.86499016925885,-770.8832514318843,-0.6937980094208172,-169.59824445666763,10882.662283210962
22,2.928,-0.044,-3.201352727178079,-0.20343557761245906,1.1818671562804801,1.985591276823869,0.5268625412995283,-2.1135762708726133,2.928,-47.66250534748728,-1276.629329925117,6641.9256736291245,0.6229211798306826,-227.71836442094846,-456.1385223075463,17.952205188742752,-23.918489071720728,-3655.9174317245083,9.702658276662994,1933.2635127602923,2012.0169558769412,7.249866509457815,-99.7000486439994,-1594.764297547716,-4.482983227638457,710.2349938043094,2100.8715724943268
11,3.04,0.241,-1.9810883273537234,0.0381354441560761,1.325629926767253,-0.1694714703686494,0.6682865705886287,-2.9438468493388354,3.04,-386.3973680773688,6285.232470628849,134186.4157975926,-90.50902011140589,1111.000503470037,33945.71409213956,-49.61764144338338,50.40650845194796,22702.541749715434,728.5134727760592,-9335.637732158211,-270867.3507703459,-55.595812396186034,474.73019317094077,22361.608861982124,286.13774268982513,-3489.9682907070674,-107820.49370915513
23,3.043,-0.043,-3.1722057286697734,-0.24083798348269753,1.17268672441499,2.0761564117098548,0.49693014462782553,-2.0618447118435013,3.043,-366.79357371913557,6693.149112068117,125166.24661999012,-87.02135693174188,1214.6049297064292,32634.890347946406,-49.41389175378894,120.28511880202171,23018.181528614696,699.240645982285,-10161.92076169921,-261439.68682557443,-54.0883836833132,543.1997957100581,19990.79504910628,275.17888098014845,-3819.080379941865,-105145.20539775057
15,3.087,0.109,0.20734511513692636,-0.21727603858077407,0.009826203688728075,1.026532852852985,0.07267551005304387,-2.100329221849976,3.087,30.023227806681586,5227.013134738138,-46331.18289981002,0.011206187077303476,1424.4594324856266,-3559.1558579515076,-10.326171976800458,955.8194038895765,7429.523708853698,-8.799768777357324,-12638.350969983545,17751.614324449292,-3.9073231873720355,-405.0510966310443,-17032.06517856185,-0.06760871163321625,-5503.508105397656,-2607.2012361123525
24,3.159,-0.043,-3.1430761834539886,-0.27824038935293605,1.1635062925494999,2.16673899988836,0.4670152012486427,-2.010113152814389,3.159,-40.34541695115888,358.3639431024394,15427.585036298726,37.35363424354431,186.94248499894366,-8660.600055530911,66.44109133552584,128.7796698117727,-18089.728778108612,-511.8787001530444,-2637.6694386772433,117037.44832561491,-215.1625065601528,-1098.928649545851,47989.77967996348,-307.70985255160076,-1488.0338487311965,71192.1887599208
19,3.164,0.354,-3.3426545834195402,-0.07820820378186591,1.5132179147716036,-0.575888839988049,-0.6854082505506932,-3.655941184152522,3.164,-38.08981034974171,464.33787963738183,20078.0605325846,38.17317224176177,146.60029559844935,-7804.3740753270085,66.75949235103012,36.03829473899899,-17793.260210422974,-523.5567911167296,-2060.0727895060268,111640.32478582044,-220.01993761360438,-838.9703872866774,50169.910101631765,-314.1830859989062,-1126.7181434826489,69751.35003146603
25,3.274,-0.044,-3.113929184945683,-0.3156602485156944,1.1543084073914898,2.2573041347743463,0.4371002578694599,-1.9583815937852773,3.274,44.971430046997355,-29.554255832089893,-542.9687388299036,12.415528968618018,-72.84644514099921,475.0659320569316,3.83028653664028,-94.08450241181336,223.203917459683,-83.34492214374377,833.1707197704732,-16917.558875204726,8.381612421501895,271.10323641047285,-12377.26467468848,-31.735000514401605,467.3960958416144,-11695.22969275578
12,3.297,0.241,-1.8733142460430736,0.03998549316319009,1.2765163616161326,-0.1843067690106012,0.6211103209072221,-2.915118729851009,3.297,40.51819800445061,-23.06124849866191,227.30369855514456,11.515834172419524,-50.041299576618385,894.6261686709948,3.965084525008989,-82.1885647358803,599.5290030590528,-79.42082819259866,236.2190501568396,-21223.59042767656,5.935257714988489,-121.6285600623995,-13396.477246367185,-31.085490178166815,72.4692965095511,-13874.401155036945
26,3.389,-0.043,-3.0847821864373777,-0.35306265438593293,1.1451279755259995,2.3478867229528517,0.40716786119775716,-1.9066500347561652,3.389,101.16173637581275,-22.389664498142338,-11229.496489675841,2.891953106350977,-3.3955910180516042,864.0929935334099,-35.998423067394796,3.2597738563556504,5977.662329552088,-33.54556833877417,24.59416724368657,-3365.014229978118,-10.872204609500884,-0.29934982539663224,2505.171670392685,-8.141779163530181,9.073554505522054,-2017.7726832829953
16,3.414,0.26,0.2209586833024821,-0.23209388393020594,0.010314895879286487,1.0943738008780044,0.07730063257082886,-2.2399730153020427,3.414,95.97184150358294,-379.4640082330369,-11614.528410878429,3.4208014195994796,20.63251114531554,646.5590407022352,-32.9437919957976,187.00076171816406,5646.510638981447,-36.151162266392916,-66.76450211671069,-2625.5232324224958,-9.640622743386514,70.38956086748547,1605.984101402932,-9.54751237084497,-50.397179227812565,-2009.2439003910258
27,3.505,-0.044,-3.0556351879290724,-0.39048251354869135,1.1359475436605093,2.4384518578388374,0.3772529178185743,-1.8549184757270534,3.505,4.510989766361941,-552.4902596925673,3400.3166564598905,5.125644314380257,-24.727141932315533,-1536.7982164835196,5.542769785845918,136.68882114791842,-2956.3522210546703,-29.818728336776175,35.10039378271091,9956.14415793851,3.76269834403166,-188.09950327253028,714.1090358886803,-12.201814624358825,-110.816890055742,5352.198721816238
13,3.554,0.24,-1.765557618024944,0.04183554217030407,1.2274202497575322,-0.19912461436003306,0.5739340712258153,-2.8863906103631822,3.554,-10.620040845232495,-245.99132167590463,9376.666384764401,2.7672946690432276,-127.42646901631608,-592.9185386690042,4.688178390129593,-71.58716825027344,-3014.5073339506707,-29.008729790974307,756.1056995404911,8175.908084966892,-14.303280383634172,-59.32013486967474,6033.7640224905,-19.786112665116057,310.1746930596861,6993.052995750557
20,3.594,0.429,-3.396829603401444,-0.04520402762665313,1.5070743558045836,-0.5490456760923762,-0.5963091922363826,-3.636550576162865,3.594,-18.408910972093672,231.00467304781176,5965.268587360016,-4.919050113408648,-102.06611356068079,1691.1362361420897,0.056641781869869234,-151.80752489219245,451.1663940076378,25.384889765277467,869.6404422015381,-7678.938590069182,-6.574100193047175,293.2341369498484,3682.1351860098343,7.803121121865772,537.6972384966048,-1709.232105236767
28,3.641,-0.022,-3.0265056427132873,-0.4278849194189298,1.126767111795019,2.5290344460173433,0.34732052114687156,-1.8031869166979415,3.641,15.959050549116755,182.25165917525806,349.6300736057517,-4.740798806876617,35.79714742800848,1852.5733996340382,-9.067467220455962,5.067189623988469,1873.2415032121617,39.18669296947964,-72.08795925469633,-12674.79373116767,12.73066005602199,182.89516480887397,-1265.3704367824666,24.678835430029466,48.847672244928205,-6339.87804767023
17,3.738,0.324,0.13903292821386828,-0.20682151636132803,0.051871185369271475,1.0642319646960623,0.11147417932487783,-2.2778641133628392,3.738,-76.26397557634579,493.8170065400093,-32898.47296910109,5.138566315231997,-0.8476674549356744,-19428.8235933558,31.30162799107553,-106.41250027640433,-9292.163205876355,-41.024544353837825,172.26294340035952,109506.4019546468,-15.14102173081562,276.81492877830846,-6653.835076057137,-32.68435809075133,246.89248441273588,45117.47789921395
21,3.77,0.176,-3.451022076675868,-0.012199851471440364,1.5009482501300837,-0.5222199654892233,-0.5072101339220721,-3.6171425148806886,3.77,-45.2119393086023,-940.1417423277879,-49476.44706737909,4.027301622206727,-823.6861771283367,-16115.012427344318,22.37961489645494,-489.7237575605141,-1838.8995071415834,-24.96405484765484,4805.90096239846,85313.5446167753,-0.3273615467985005,-16.57181414008869,-14508.843584922513,-15.934479123391373,2145.389895703185,28843.087961497742
14,3.812,0.239,-1.6578009900068138,0.04368559117741807,1.1783066846064119,-0.2139424597094649,0.5267752748369285,-2.857662490875356,3.812,-190.01519038404243,-3275.3236627676815,58603.22465919063,-74.05889126253808,-971.3888577045873,33560.39778100258,-9.815243436579806,-8.013339135816295,13246.540907030554,414.14237349940686,5109.813489638087,-192386.04580673296,-27.455743296527565,-920.3387409701627,5326.879718192999,163.5822308069131,1676.316382795354,-82009.24748007028
29,3.818,0.039,-2.9973586442049815,-0.4652873252891683,1.117586679929529,2.6195995809033294,0.3174055777676888,-1.7514553576688296,3.818,-209.51938425372683,-2825.816205503824,72705.35371387517,-79.12624765649736,-738.2460753577788,37045.9795798354,-9.213154122632805,72.98925936087187,12554.291573130922,440.2197388906594,3784.3925933461537,-210259.80453004155,-33.212997076451174,-865.3673427631613,9314.17685279774,171.41336539240172,1123.5401860525594,-87299.87083108112
22,3.907,0.04,-3.505197096657772,0.020821777976292352,1.4948046911630635,-0.4953768015935505,-0.4180936223152416,-3.597751906891031,3.907,99.89904731722932,724.017819996481,-17258.17725057115,-4.478842277342353,167.82517786588463,-2862.501900022,-38.8354965781033,-58.74327361994142,3814.33109020353,35.31487767809095,-877.3008589043668,15735.471486837077,14.095944379043873,164.62561681424995,-679.2684120926285,31.60160391444687,-270.40961564861936,5613.424461836212
18,3.934,0.196,0.05708971983273452,-0.1815316954999302,0.09342747485925645,1.0340726752216003,0.14564772607892681,-2.315737758131116,3.934,96.90100195340543,-210.0197253679915,-26700.183168054744,-5.442991480933401,-16.29837007344061,-5411.290092078778,-38.176474028548114,87.61074472055526,3893.078588297859,41.70672012299559,105.47981685671832,28842.580573979976,15.535263040157696,45.927273313942166,-3718.219037368623,34.953028554594376,55.42301247006519,9482.37667812037
23,4.036,-0.007,-3.559372116639676,0.05382595413150512,1.4886611321960435,-0.4685510909903977,-0.32899456400093113,-3.5783612989013744,4.036,37.33830814358279,108.30585568792242,-10159.935298772318,0.37422603847699487,-25.661872256887868,350.9945174675435,-4.886147240728782,-103.86902079972913,2271.118400567944,1.8887006698158615,135.5732044799205,-2348.972619940189,17.375766923453785,-72.0689389667254,-3236.521287810033,14.132301520432492,26.346702432125596,-3866.124951826045
15,4.069,0.242,-1.5500269086961642,0.04553564018453206,1.1292105727478112,-0.22877775835141673,0.47959902515552183,-2.8289518246800487,4.069,48.30322908188044,-368.7638056812721,-9131.971837023702,-1.3554895757954701,-9.351580776668413,-472.2153402705485,-12.907320598431792,15.367847429191613,2724.7925438397115,11.97786282208766,29.828457522144106,2015.114345857034,14.035402132529176,-201.07795119472698,-910.1182696608637,17.462364649266156,-139.46853571935293,-265.8420929458207
19,4.129,0.118,-0.024853488548399253,-0.15625932793105232,0.1349663110567215,1.0039308390396584,0.17982127283297578,-2.3536114028993933,4.129,-50.29905058388483,-335.80743574598654,23590.433903834055,2.781311275595683,-143.11722089255935,-2534.110539373903,16.20751825679421,81.93403053161198,-7807.239774031053,-16.33101833498276,720.1353856158901,14699.605496150863,-8.922523198662919,71.50539668905719,5784.990899967039,-17.12896999826549,363.7295307179834,12227.91686377295
24,4.166,-0.015,-3.6135645899141,0.08684758357923784,1.4825350265215433,-0.4417079270947249,-0.23989550568662057,-3.558970690911717,4.166,-32.88967623696894,1062.7611104791201,36428.806982867,-7.352617255670859,-243.8311659564841,-763.8673002041364,10.036812629536222,-410.3826688036993,-13215.430955827343,37.51031839906237,1336.9084031105676,5641.511357313189,4.085080107288704,313.8868792296187,2738.504790769077,17.78243396764746,903.8077152991505,6964.817230036499
30,4.197,0.283,-2.9682116456966767,-0.5027071844519267,1.1084062480640389,2.710164715789315,0.287473181095986,-1.6997237986397178,4.197,15.43808623603496,2156.462247450181,-403893.08534634416,-14.13066714712078,-216.65256313712308,50247.535789461144,-9.012244001740626,-817.7124020173444,241355.8165306776,75.8828408297382,1225.3645389853968,-329260.61449126364,12.837172331813196,299.76256581789835,35608.903018835124,44.76820997292913,921.494164745056,-134133.77863149164
25,4.319,0.008,-3.6677396098960036,0.11985175973445061,1.476391467554523,-0.4148822164915721,-0.15079644737231007,-3.53956262962954,4.319,565.4046179632592,-257978.56999604584,-1855828.3125255704,-39.60480290643615,29617.904429646787,169932.99389113858,-206.34819788082646,150818.36830699758,852050.9140995778,219.39549969296309,-195304.41554350557,-1034022.470532529,57.78022018867043,21959.674716761758,-43889.82855922589,181.67000226268095,-80118.276473706,-600144.8875594158
20,4.325,0.118,-0.10677924363701309,-0.1309695070696545,0.17652260054670652,0.9737890028577162,0.21399481958702474,-2.39148504766767,4.325,-1059.9218325535815,-269031.97152853955,1202627.0577365756,146.90394758587985,30615.48557341758,-180503.78285460174,743.5430901622167,155815.3357580828,-936384.9315618128,-1010.4089194473286,-201338.32425863924,1278175.3505458534,195.90946854522406,21630.995718231832,-305308.90811257437,-323.0122402126676,-83700.22646307613,347318.1770502776
16,4.326,0.241,-1.442270280678034,0.04738568919164605,1.0800970075966907,-0.2435956037008486,0.43242277547411506,-2.8002237051922223,4.326,-1328.6445090445961,-267321.86769638996,1708460.2463273793,177.44121546339713,30377.18723942708,-237883.93858795182,898.9417794342551,154584.08201984252,-1229048.2864563104,-1211.1423972172902,-199679.51110758318,1655607.9736626947,217.30870665102313,21283.931964282103,-345843.70688853954,-406.6435532396733,-83195.52331236869,504331.85867067904
21,4.521,0.118,-0.18872245201814686,-0.1056971395007766,0.21807889003669145,0.9436471666757742,0.2481683663410737,-2.4293761457284675,4.521,-190.65428854275848,3330.5294134087353,102054.02708089146,13.926463123920932,-252.7955983265116,-12141.066453275196,67.39700525892428,-1218.0297279868673,-53518.276565512046,-71.56472200000772,1287.1733397257435,74837.1343722401,-16.840591951735792,236.69862995628057,-2434.785896398247,-58.866698307928004,1030.80942051677,36412.20775244358
26,4.538,0.099,-3.7219320831704277,0.15285593588966337,1.4702653618800232,-0.3880390525958993,-0.0616799357654796,-3.5201720216398833,4.538,-137.7482980777907,3159.6677799353806,-16630.150863404386,10.497037031460728,-244.391486345494,769.5342755799732,51.20527633064158,-1023.02023711473,10659.674085841627,-56.43620834965478,1142.9174419966068,-7337.538530472371,-10.68631948738659,351.66330060321275,3595.316218384988,-42.45842129345033,1063.6394324683292,-1203.2962984689607
17,4.584,0.241,-1.3345136526599044,0.04921828490624009,1.0310008957380905,-0.2584134490502804,0.38526397908522836,-2.7714955857043955,4.584,13.515082622646489,1575.7307695310371,-38127.88636023028,-6.054953815083732,-174.74174700677594,3155.4824392804358,-4.636995605166382,-633.6796806177088,11853.260698138025,27.62965951628997,948.2956646699429,-13978.179862379444,4.201582356749016,122.8107252608459,-4547.990097685456,18.722707140287742,618.1380458598019,-13520.362069540413
31,4.636,0.439,-2.8881184863226568,-0.48912852287141084,1.0786309310250157,2.636825980620513,0.2795842928769716,-1.6540659854075461,4.636,-5.218224250512955,-624.0900872205664,-24810.680652485706,-4.261796025519927,85.82662554259846,2399.5507744861216,-3.477805008404724,181.9238614648949,9401.994572899002,25.25800064093509,-351.5397439918185,-12642.996083310982,-1.2181187839870227,-88.58071283616187,-2036.9607083385827,9.019340823387507,-310.3843764010395,-8894.683558653307
22,4.716,0.118,-0.2706482071067607,-0.08040731863937876,0.2596351795266765,0.9135053304938321,0.2823419130951227,-2.467249790496744,4.716,-87.6173310206082,-455.8901895441127,23481.84330423278,8.923450559074492,-43.60986226441125,622.5344285735018,30.72308662929061,160.82940530428232,-5996.41423001016,-40.51821512035026,157.4930245612269,-4856.308245043514,-6.3791223830561545,-1.905661187512095,1565.3403327061094,-31.046015811663395,80.99686129925647,957.9451077941628
27,4.743,0.145,-3.732875297580432,0.19528489000564553,1.4624113802460488,-0.35341172023633177,0.05166174585903215,-3.4957723186970027,4.743,-94.69489223498884,372.9388571852901,20194.0865199386,5.846707414274461,-6.384962773283206,1112.3622569792149,32.635343215235274,-53.3133131799161,-5581.447068406202,-27.338426194323954,-75.86242073090386,-5846.329238890614,-5.860070006483713,44.74986147548353,1014.4389817732227,-23.55732212878268,71.00988489767369,-859.4430373688322
32,4.828,0.191,-2.808025326948637,-0.475549861290895,1.0488730672785123,2.5634697921591916,0.2716779513654374,-1.6083907188828543,4.828,106.94514017215259,-721.1652080203012,5271.922610042828,34.08851590526935,16.895826953107644,-13644.466795710294,-5.114598970245709,101.04332136767385,-10827.925843252633,-184.70969041271968,175.5129217535814,68599.25270373037,4.774156293821335,-59.96173710497152,152.74200731244673,-72.73898336981783,-133.0440709649447,32823.05348915531
18,4.841,0.24,-1.2267395713492546,0.05106833391335409,0.98188733058697,-0.2732312943997123,0.33808772940382154,-2.742767466216569,4.841,91.41958365266133,-616.5561995135502,14621.5671413082,33.68115029499584,-188.15521287681827,-13336.988300912235,-2.7171288664046696,-64.85873549106108,-12368.326608019637,-178.3979896584492,1197.8147407718538,64710.62502987232,3.626690445260942,-55.22309459535748,796.0554686904654,-73.58267080165989,363.6886045895716,33129.23847432624
28,4.899,0.086,-3.7438359652829565,0.23771384412162766,1.4545573986120743,-0.3187669345842443,0.16500342748354394,-3.471355162461602,4.899,205.1548058231384,1932.8300178005356,-22590.685192583827,-17.81188670611375,-331.29505733337953,11659.125149354728,-70.9848032752792,-680.4296074492522,14916.339936409066,75.39640676234625,1346.8992447463288,-57918.20385414343,8.97439440081909,102.61856255572923,-701.4290182042805,58.41656161736313,970.3864265965167,-29339.848285486878
23,4.912,0.116,-0.35259141548789447,-0.055117497777980924,0.3011740157241415,0.88336349431189,0.3165154598491717,-2.5051234352650207,4.912,230.1996541067658,1445.2509417524236,-34553.28504374291,-20.49715018592872,-138.5631193254398,13290.10278263814,-78.38340066829,-412.1291260233755,18768.96140143095,84.0806074677967,417.71125238622955,-64075.57197555472,10.338788027266489,83.52654676527709,-1408.3273083442743,67.2277378012522,472.9989800940156,-34409.35979254321
33,5.019,0.108,-2.7279321675746173,-0.4619711997103791,1.0190977502394891,2.49013105699039,0.263789063146423,-1.562715452358163,5.019,-39.01443347866555,348.55568834010774,24878.433312483285,24.559806634186636,-68.76431326013119,-7019.751268735799,15.781971146854978,-50.33726044962037,-15258.525204591508,-91.6652601558358,79.1245681925875,41035.940433876174,0.4057025649211994,-14.068160476958301,1261.888583536489,-62.51289161918524,182.93116018793626,17647.985952177103
29,5.043,0.026,-3.7547966329854807,0.2801427982376098,1.4467034169780997,-0.2841221489321569,0.2783625624005756,-3.4469554595187213,5.043,-15.22858000217615,1134.737927815291,13448.950517817435,20.27247392184489,-278.5384941585932,-4607.081127662331,9.565435966589515,-516.8829903471403,-11363.683572226879,-80.49854188456807,1301.9252127532445,32500.985920725605,0.49206953990401736,27.920132472807698,1261.6532012640132,-50.61053261117798,716.07839771662,11336.451180889779
19,5.098,0.24,-1.1189829433311245,0.05291838292046807,0.9327737654358496,-0.2880665930416641,0.2909114797224148,-2.714039346728742,5.098,65.28924004330622,-559.2633124875065,-30405.91131278236,-7.638659265697132,-10.933498975925659,5453.727115302319,-51.36431978531411,-124.00814654822898,20383.04422249055,96.5595109198114,764.1315704221543,-43872.6114751026,5.093200295010508,35.82049645678245,-2153.64036525318,16.521445365674253,-31.500186278299225,-13146.436539120132
24,5.108,0.118,-0.4345171705765083,-0.029845130209103034,0.3427303052141265,0.853221658129948,0.3506890066032206,-2.543014533325818,5.108,56.018018414884466,-862.6058597277279,-25075.854526239236,-6.845191255659191,44.67319353772307,4752.268516187991,-50.81566380644103,103.8947779390867,20002.25963773226,99.7369979816805,263.41537339677467,-44734.31373671179,5.364429938917718,10.107213991924013,-2336.793568826099,13.929931495547255,-162.15382193914024,-11053.380171710956
30,5.187,0.012,-3.7657573006880054,0.322571752353592,1.4388494353441252,-0.2494948165725894,0.3917042440250874,-3.4225383032833205,5.187,28.13678027013448,438.169196136191,-1880.1474088286395,-24.955807385755833,-84.42049250740786,3973.8090788596983,-12.008865078937895,-55.93798802509025,-1301.5507569597576,86.63737948569674,60.41724146941897,-7884.301110871769,-4.456629979610213,-28.126385617853103,1405.3607376162786,61.655959924769455,220.30798092418922,-9739.404187124317
34,5.21,0.108,-2.6478390082005974,-0.4483925381298632,0.9893224332004658,2.416774868529068,0.2558827216348886,-1.5170401858334712,5.21,43.51201256868847,272.0795879932934,-1575.2673779885026,-25.927682345785787,44.52879314220616,3886.6977659451595,-16.959355000343145,-81.04134883190476,-1772.6932562506013,89.54189273916063,-156.51002183657607,-7136.2208639703595,-4.459423579225345,16.848250039724494,1127.2178373293048,64.15291398622523,-101.33358762751044,-9850.681954017113
25,5.303,0.117,-0.5164603789576421,-0.0045553093477052,0.3842865947041115,0.823062368655486,0.3848625533572696,-2.580888178094095,5.303,-80.2515194898151,2248.728695615101,17920.424389456697,10.848137689972614,-240.7252240716962,-6296.93226063324,25.967835344963852,-502.0787285970923,-8687.442992670709,-31.356080393899813,42.991366975902736,26794.73969274416,3.4888127835873597,-189.760115050823,-681.9717096241066,-24.201435303038124,537.0167285259056,14854.54267298832
31,5.332,0.014,-3.7767179683905296,0.36498325317705416,1.4310129070026707,-0.21485003092050198,0.5050459256495992,-3.39813860034044,5.332,17.3312447712807,2738.2728069632967,-39574.017728434614,-1.8857330496827058,-452.5423336760782,2048.9347867847646,2.6931516282777537,-791.6349410225616,5405.825533878866,-17.964842465069616,1042.945085564301,15369.400923114847,-4.503093387849537,-195.61446173405898,4182.397567369418,4.81958100012551,1040.057193085855,-4225.835283089749
20,5.355,0.25,-1.0112088620204747,0.05476843192758206,0.883677653577249,-0.3028844383910959,0.2437352300410081,-2.6853112272409154,5.355,68.88055718816057,798.2560818785319,-66638.99494346275,-12.53943183677384,-234.80570451368848,8719.477584946982,-15.314884766847005,-386.5565947798228,15077.715239400191,16.62438759838104,1047.8164107534128,-6782.829383747563,-7.543490089507088,-19.44415659484578,5900.6126651954855,29.458375364711394,549.3588854628841,-19967.338314424447
35,5.401,0.108,-2.5677283955340577,-0.43481387654934733,0.9595645694539624,2.3434186800677463,0.24797638012335435,-1.4713649193087797,5.401,-27.15735318010991,-637.8583199805053,-13248.212049668811,-2.327823911300323,97.53568555945603,3151.721333015818,3.3724507340330243,73.85472328649152,4942.8680735628795,22.866132028554386,92.30065503984027,-11194.484399240166,1.9348031070335647,90.15917064530072,589.2371486635473,6.714724100250482,-243.34057143584874,-7615.700233527418
32,5.476,0.016,-3.7876786360930543,0.40741220729303634,1.4231589253686963,-0.18020524526841453,0.6184050605666309,-3.373721444105039,5.476,102.30355898703255,566.1480081494701,-12957.789593299301,-10.231426295040853,-164.15346788762724,2061.15172379837,-31.734169283219934,-174.92286972591478,4972.249743052397,24.482907088410535,423.8879014605179,-8021.259481252853,-5.4746739462091725,-84.95503919224316,500.73118061829337,19.167709363341416,361.4611216499053,-4165.249723183448
26,5.499,0.116,-0.5983861340462558,0.02071705822117269,0.4258428841940965,0.7929205324735438,0.4190361001113186,-2.618761822862372,5.499,107.14311422992142,63.49313200227978,-46781.38926537038,-14.421495288001616,-77.59857702867416,5813.714163550701,-33.689602018871334,-2.094040256305547,11442.906140056844,37.07010277467461,151.6383781427749,-3322.47212302802,-7.331035904303958,-53.43787953222915,6110.299550223492,28.859686858584173,179.40324407719356,-10638.703407628764
36,5.592,0.108,-2.487635236160038,-0.4212352149688315,0.9297892524149393,2.270079944898945,0.24008749190433998,-1.425689652784088,5.592,57.79879776335582,-13660.747711634234,-2906.129859608889,17.687838158984494,1234.13821328846,-18803.398047803148,-2.7010271869359244,2539.424101544836,-7518.263680086864,-97.6019852257084,3044.4570059707685,76262.00235015633,-2.044733154762813,2297.261651091969,-4506.926830920391,-45.45347537761012,-1834.0165313256066,44155.63080983999
21,5.613,0.239,-0.9034522340023448,0.056618480934696055,0.8345640884261286,-0.3177022837405278,0.19657643365212132,-2.656583107753089,5.613,-291.3392931664683,-13035.777929250016,291861.63074123976,47.81973595443596,683.2187922352659,-43704.26791192952,61.08860159272487,2216.3011089680804,-60449.76169184054,-12.365034418499734,4860.087912708198,-222.49657333089272,56.82168712618219,2061.385862388631,-54674.46793072106,-88.87548994822521,-594.7037696517091,79505.3084397784
33,5.62,0.014,-3.798639303795578,0.44984116140901853,1.4153049437347216,-0.14557791290884703,0.7317467421911427,-3.349321741162158,5.62,-374.21343262504195,-10381.177129263535,361882.871054032,50.8484560380262,336.5255607298516,-46336.25586651963,74.68634207868668,1688.0058879083517,-71650.75452721705,23.525013788196564,4656.274510608541,-31436.857346794666,69.52057514392645,1577.2992493356355,-65762.59309381811,-89.60139017935104,9.644357822429068,80216.8251108968
27,5.694,0.117,-0.6803293424273896,0.04600687908257053,0.46739917368408146,0.7627786962916018,0.4532096468653675,-2.656635467630649,5.694,-1.8591941447624905,2828.7723188668615,72614.9555366916,0.5355641882718345,-595.8109275086626,-3197.88035549046,0.48479399149994507,-625.8252943316231,-12359.570808064496,-0.2696405743687972,514.5302114444332,-28825.86492533987,0.9738632756289274,-635.1209129518884,-11304.209822131128,-0.2200099516180316,1159.1790915869724,1693.2046196990796
34,5.765,0.015,-3.8095825182055827,0.4922701155250006,1.4074509621007474,-0.11093312725675958,0.8451058771081743,-3.3249045849267573,5.765,48.90886639271902,770.4992013526921,-16553.339219877726,-36.03845902014881,-182.43126242702488,9065.706445607755,-18.273876584312916,-215.28271563112241,4213.5151479631395,93.2171022354198,316.96343569838245,-17002.7932502152,-24.283658745198004,-171.10997991732813,7850.950828718944,78.7657222645431,336.5219481461945,-19606.625313454166
37,5.784,0.109,-2.4075420767860183,-0.4076565533883155,0.9000139353759159,2.196723756437623,0.23218115039280568,-1.3800143862593965,5.784,63.83031812495467,519.2188364920012,-16415.558474990183,-37.813058741042504,6.308543259698621,8793.418665668822,-22.115494205202857,-143.20237379352557,4879.4746097464795,94.15616523359604,-78.39215296742198,-18728.9731762019,-26.59599701384396,-15.25281005236165,7220.9515726803975,81.21430000594263,-76.7811961752427,-18526.196343828004
22,5.87,0.241,-0.7956956059842148,0.05846852994181004,0.785467976567528,-0.33252012908995965,0.1494001839707146,-2.627854988265262,5.87,4.89214295963211,-2134.3761470105173,10158.441525153044,1.5423326794456658,318.6831626774358,-6394.6681983418375,-11.46903256435348,699.0836388473098,1095.409961649817,37.66017736896434,-879.7217764264026,-3623.139842965422,13.529014659900334,223.47027305980538,-10524.559694487678,-5.442295016709082,-414.0372939847812,14240.787712656753
28,5.89,0.116,-0.7622725508085234,0.07127924665144841,0.5089380098815465,0.7326368601096597,0.48738319361941657,-2.6945265656914454,5.89,-44.53514057968909,-1740.4436088457242,37667.865798991246,7.2697742223275075,144.15290933931485,-9073.747972985757,5.188396367271544,680.5331709121654,-8188.354420802663,19.02950144519392,-925.69784548885,5670.407486722031,16.867724167034694,-48.88329058862702,-11978.197968544679,-10.962122143567434,-44.745399055722096,16084.39174894479
35,5.918,0.024,-3.8205431859081074,0.5346990696409828,1.399596980466773,-0.07628834160467216,0.9584475587326861,-3.3005048819838767,5.918,-64.61547535704938,18.729198043532662,46149.913611788885,5.731064305880578,-123.52365790260866,-6306.756550505319,18.271664746583305,166.63467098709086,-14481.913038059112,-6.661268961066417,-454.53336701871103,15019.820537695989,7.038896405494987,-320.0052093238926,-5234.942860526065,-3.1501517914688826,312.31361241239904,7580.1405997771
38,5.975,0.109,-2.3274489174119983,-0.39409534510031957,0.8702386183368926,2.123367567976301,0.22427480888127135,-1.3343391197347048,5.975,21.840915839667225,714.0669926764604,27399.936687261874,-9.26632206214447,-105.53057967883872,-3063.1087706932767,-7.11338563386769,-209.58994187842796,-8449.595686220648,21.154185733039217,191.86390797412264,6078.388258971982,-7.601467497103572,-102.27209004852867,-3461.990278809447,18.51741579258476,144.24874698621093,2284.6842085845055
29,6.086,0.117,-0.8441983058971373,0.09656906751284626,0.5504942993715315,0.7024950239277177,0.5215567403734654,-2.7324002104597227,6.086,-72.41014079536471,7041.282177329981,-55130.32747982729,13.082260639897449,-1175.8849351976924,2418.2971637375194,20.583909311362767,-1547.2064347108617,7225.512982154571,-21.55900675686549,-270.8394231271992,37209.444023370386,14.459239593108066,-2060.5866057729036,17078.338674268565,-16.459165948441807,1529.0441612220197,3108.2496351501977
36,6.117,0.078,-3.8315038536106316,0.577110570464445,1.3917429988327983,-0.041661009245104644,1.0717892403571978,-3.276087725748476,6.117,214.18190899584926,4361.439253354683,-289613.49559592636,-35.29370208900612,-996.4965955829434,42021.973700422895,-42.934977384818254,-1156.329553452992,59242.79484752608,-28.96836659977268,1240.8894023557486,43100.0120745841,-68.97946570675778,-1230.5572048063095,85337.55708463013,46.90720944298269,1544.300289794844,-48805.783050977276
23,6.127,0.241,-0.6879215246735649,0.06031857894892403,0.7363544114164076,-0.34735542773191147,0.10222393428930789,-2.599126868777436,6.127,242.04318675965362,809.9270404237654,-313611.7944958783,-43.439254073364765,-459.3889454571497,48830.78271432137,-51.618702623912135,-413.4697882227609,66599.54587182391,-11.785598349791526,1653.6139298475898,29242.80083098101,-76.57208958095282,-188.27061745046643,91856.86501597913,60.73803061275344,897.2169230568745,-60267.26523017943
39,6.166,0.109,-2.247355758037979,-0.3805166835198037,0.8404807545903893,2.0500288328074996,0.21638592066225698,-1.2886638532100132,6.166,-26.949790602854236,-5102.786129058018,-101037.67790650447,-7.334635868125881,702.7662728361586,20956.817806574665,1.4466817333423905,1014.8063987307128,25047.897193103203,42.870118561864416,964.3731054969429,-16738.897142741484,2.9332045507765985,1512.3972934203916,29132.158707392206,21.82939461670128,-777.7194543456902,-31134.043575100088
30,6.281,0.117,-0.9261415142782711,0.12184143508172414,0.5920505888615164,0.6723531877457757,0.5557302871275145,-2.7702738552279995,6.281,-5.260918715930112,426.4169696607405,18140.319803187806,-2.1340696479209407,114.44393811846328,-2072.3298028432664,0.8726668843214913,-29.651497492048183,-3702.534383204639,5.566373709168587,-643.8970887719225,-3383.641555126197,-1.5768732267181425,-45.81600287011661,-4638.956885541427,6.973156040603278,-352.3012858627369,1564.8383841726513
40,6.357,0.109,-2.1672451453714388,-0.3669380219392879,0.8107054375513661,1.976672644346178,0.20847957915072268,-1.2429885866853216,6.357,39.09144272940766,301.32694032641416,-8042.822923098965,10.040400913196128,109.8108018047449,-2130.862193803037,-2.6194254450117036,-40.842419131071686,553.4231506063971,-59.41787853290002,-368.59119474827276,12118.607483475216,-5.3902779139310795,49.17406987577262,942.8178693724135,-31.00801556821063,-340.5786418493377,6649.447568495165
24,6.384,0.241,-0.580164896655435,0.06215117466351808,0.6872582995578072,-0.36217327308134334,0.05506513790042109,-2.570398749289609,6.384,44.51983353722947,22.810969005467378,-9080.17381957462,12.522046132584885,32.42282509755377,-2186.628350586314,-3.67319189753645,-19.179073339102448,889.0828597551688,-64.703619646603,40.10728283728116,11836.110090368946,-3.1095980784667328,71.6848819546029,754.7753751702044,-38.676828816805454,-98.74089378820503,7103.3834096904375
31,6.477,0.117,-1.0080672693668848,0.14713125594312199,0.6336068783515014,0.6421938982713136,0.5899038338815634,-2.8081649532887965,6.477,-10.455133425902062,-425.95904383317327,4941.4400877523485,-3.5192485781123124,46.76268235657139,-178.84517537929656,0.9015511331193897,91.29029503769632,-845.7549325653152,14.585133929454672,83.48665155132306,-2626.367779480774,-0.5382829431719096,116.585982608216,-1389.4096915851792,11.494583626039702,-31.886564532788697,-555.5923510656729
41,6.549,0.108,-2.087151985997419,-0.3533593603587719,0.7809301205123428,1.9033339091773762,0.20057323763918836,-1.19731332016063,6.549,-31.91730954473306,474.2518953630149,5711.863839396087,12.06906842444161,15.32169223091411,-2503.4413373975635,9.821160532879896,-82.96072650939472,-2110.005732749578,-22.27386785552857,-278.01118922739545,7327.513125722923,12.813452443981884,-87.81252698125127,-1504.0442227763326,-22.65019080593119,-142.92986387508006,4566.7685167376085
37,6.591,0.399,-3.8424645213131563,0.6195395245804272,1.3839064704913437,-0.007016223593017205,1.1851483752742296,-3.2516880228055953,6.591,6.923543092898259,547.7690627619304,-9157.12896811981,7.78360308887285,-140.4584864549312,-1039.4805223597007,1.2691273548089308,-163.98235734968958,1099.1113280937536,-28.21931272064914,332.2781155648218,9914.861847916085,2.430620552711149,-118.27919717168376,2248.359427599865,-20.536318787189536,198.54580962527604,4280.070788838804
25,6.642,0.24,-0.4724082686373052,0.06400122367063206,0.6381447344066867,-0.3769911184307752,0.00788888821901437,-2.5416706298017826,6.642,11.511879944413746,-594.7327431495604,-9219.959625415337,-1.7592982234438805,-28.149252994215953,2012.0799467376037,-4.639280344759994,79.60428269558022,2878.8352985730007,18.07087797287988,552.0839474873869,-6890.556325669697,4.382899462809213,180.54761535653503,793.5826993319531,-1.2317068645898246,178.38569329136982,-1968.6335336440832
32,6.672,0.117,-1.0900104777480186,0.17240362351199987,0.6751457145489665,0.6120520620893715,0.6240773806356124,-2.8460385980570733,6.672,-18.4130458629244,-638.7073571662448,2722.5786573531027,0.20151463988236373,28.85911212863865,1040.7039708132536,1.1980613253956114,132.48628289220036,553.5654545170584,28.358687272355347,147.711823623289,-11317.6104712799,12.309933277513762,114.95921576131093,-2868.5335298097834,0.588050243929934,91.56191431251969,-2001.1533802133536
42,6.74,0.108,-2.0070588266233993,-0.33978069877825606,0.7511722567658395,1.8299777207160544,0.19268434942017396,-1.1516380536359383,6.74,-6.543621320190615,191.99990993509698,5251.295636774404,-3.4621353415215013,-32.86215729703191,-893.1753551104755,0.6367166509604452,-16.244342932391028,-1167.8340697720732,8.313929025679183,-288.73260378853684,-439.49284523496635,-2.881131104924054,-185.25907707341565,-1777.9346542613737,11.577495843445035,93.12032567469906,1201.962049926507
33,6.868,0.117,-1.1719362328366325,0.1976934443733977,0.7167020040389515,0.5819102259074295,0.6582509273896614,-2.88391224282535,6.868,22.236682019464997,-813.9865798099921,-5461.440012311781,-2.6051010116986966,-143.69727553721594,833.1693256310123,-3.367504367038352,79.88375737557595,856.0421093773728,-27.187775824676258,1095.5532389082482,6582.865269635346,-17.40505465599562,222.53686509541458,4588.37754281532,6.995036711388849,531.0517733442208,-2279.5975381562803
26,6.899,0.24,-0.3646341873266553,0.06585127267774606,0.5890486225480862,-0.391826417072727,-0.03928736146239235,-2.5129425103139553,6.899,-10.796263082493262,-965.2887663580022,2418.0059310795205,-8.188837919333865,-105.11273731692043,1992.782659645765,-0.056488892695362836,107.20969334454179,41.16011353687668,17.08192775364792,1267.8499917259085,-3938.8072224703956,-7.98374916504982,375.30606381785276,2041.3865872524184,27.713461982998407,417.58268379321737,-6639.9649863669465
43,6.931,0.107,-1.9269656672493793,-0.3262020371977402,0.7213969397268162,1.756621532254733,0.18477800790863966,-1.1059627871112467,6.931,-38.37269488052043,-646.8193202665223,9622.124889406436,-9.074768239770666,-16.631594799085832,2420.3518911852952,3.3875247904817787,80.76909399321926,-841.6012896352509,52.361195827214985,828.1085025887604,-13164.482280484559,6.384316330925174,345.27779812081627,-1352.801908478639,32.79314973347961,106.67851720865823,-8608.862587178233
34,7.064,0.117,-1.2538794412177663,0.22298326523479553,0.7582582935289365,0.5517683897254874,0.6924244741437104,-2.9217858875936273,7.064,-5.5825556116341595,450.48043600749355,1016.4540797163427,-5.176476924832642,114.74045800168278,755.6503341101079,-0.7158633695983898,-39.639429159041136,121.46268219483916,10.833795343429838,-603.5700475093591,-2032.323659674159,-5.030556331124995,-63.72769044867885,549.3639905852334,18.20264710295833,-426.43072156651897,-2629.6006700546513
44,7.122,0.108,-1.8468725078753596,-0.3126233756172243,0.691621622687793,1.683282797085931,0.17687166639710536,-1.060304973879075,7.122,25.703561942866916,326.46554727111584,-5882.242623286645,3.6392704653148673,152.69737867257197,-1120.3741641008492,-3.2371990317196655,-6.623756718522181,627.7411449868061,-31.542045006595526,-500.5798387479084,7533.579154121984,-8.16782189458222,59.8131023498003,1434.0255016313454,-14.541402142803022,-544.0747816265225,4364.10481104107
27,7.156,0.239,-0.2568775593085254,0.06770132168486004,0.5399350573969658,-0.40664426242215884,-0.08646361114379908,-2.484214390826129,7.156,32.559071323102195,51.84641103214521,-6257.441401552497,8.844967625030103,79.2309807405331,-1913.0711502862623,-2.727997014326378,15.885515620017014,432.44837382637894,-43.976862254030394,-129.67752509476296,8695.98435453435,-3.8639540967027224,94.69820524305904,433.13812839958297,-32.63180114806748,-268.2870632354188,7076.209089715905
35,7.259,0.118,-1.3358226495989,0.24825563280367344,0.7998145830189215,0.5216265535435453,0.7265980208977594,-2.9596769856544243,7.259,-8.838453770652993,-24.90382653635347,685.8782654647448,-6.046275120308259,-40.52402133250865,620.554260909532,-0.8081586332254744,-11.210837438276847,158.867498815189,16.32164229028091,75.51672418388183,-1603.3688905697247,-4.059453011426404,-45.689030206600165,476.31207818404465,22.04284034859638,137.55137569029193,-2207.230420952106
45,7.313,0.109,-1.7667618952088198,-0.2990447140367084,0.6618637589412896,1.6099266086246096,0.168982778178091,-1.0146297073543835,7.313,0.49025912516566306,52.646924148401425,431.6710283416213,-5.288813474428923,43.470197304124596,549.1474725646931,-2.258618915897367,9.31338416398184,131.81045655070227,5.963769905963934,-112.85754866787096,-1126.0242035128767,-7.766413117760211,32.10351196063053,579.1201337959196,18.336862725377237,-155.67640612863426,-1847.3032403341615
28,7.413,0.24,-0.14910347799787557,0.06955137069197403,0.49082149224584537,-0.4214621077715907,-0.13362240753268587,-2.455486271338302,7.413,-16.48708889828371,-90.19597011726282,2899.938190937769,4.5106376981763505,-87.96709631094895,-1164.4211323139677,5.37156390217082,-23.48107411963543,-1109.5993663900906,9.299293352798712,212.01933777803703,-1159.2665717193527,14.101516103707583,-69.51827075803835,-2998.766925084239,-13.350628051159688,323.0823193608878,3689.7412661063163
36,7.455,0.117,-1.4177484046875137,0.27354545366507127,0.8413534192163865,0.4914847173616032,0.7607715676518083,-2.9975506304227015,7.455,-18.871572364740814,107.95383013872714,4683.98968653359,-2.4643431126561435,-134.22763404845495,-53.94299277803839,2.625188392568571,-83.87263788990998,-984.1655557866709,21.355740321859102,85.57239667163829,-4303.285138796481,6.097943721031361,-230.4386476984882,-2385.5881563295625,11.507674848504529,458.6854492951169,-444.0036561388981
46,7.505,0.109,-1.6866687358348,-0.28546605245619255,0.6320884419022664,1.5365878734558078,0.16107643666655666,-0.968954440829692,7.505,-3.668687643116781,340.13767753006,-849.0653052709281,-7.280288050910197,-74.57368952518499,780.7416241016026,-2.6686068831258285,-106.07324784019207,543.1225976887021,13.641153935413207,-206.53493668974508,-401.1016998955538,-7.797643455078157,-263.6555918321303,1458.2743791458076,26.514631512141523,217.8751708361554,-2522.718568647141
37,7.65,0.118,-1.4996916130686477,0.2988178212339491,0.8829097087063715,0.4613428811796611,0.7949451144058572,-3.0354242751909783,7.65,60.822908491273864,-2092.674909161789,-18393.060318526084,-8.949612546685522,-134.75397453643222,2825.937967238101,-18.13221026816444,387.7697108346464,5546.399156386775,-38.27468125262776,2023.2647255885845,11340.78395322652,-40.03299248506643,840.3530697387645,12219.387470230802,23.514535078799582,816.4922621060787,-7461.18431728219
29,7.671,0.24,-0.04134684997974567,0.07140141969908803,0.4417253803872449,-0.4362799531210226,-0.1807986572140926,-2.4267581518504757,7.671,9.159404080844869,-2483.8411326326213,-3133.02046175288,-12.154269831170334,-65.5522446914955,3599.6381618700166,-8.485342024245792,510.7544260214815,2597.50991644844,11.456329646833934,2249.1427000843114,-3060.8857205174027,-19.15360817671563,1110.9673843558762,5858.726956433518,43.20706236792497,624.5590885457153,-12615.09572292321
47,7.696,0.108,-1.6065755764607803,-0.27188739087567665,0.6023131248632431,1.4632316849944862,0.15317009515502236,-0.9232791743050003,7.696,-53.64121518572869,-2101.037401299442,15196.391980867933,-11.202287759734118,33.495783553570845,3363.2400294393674,5.812677785208748,478.7009509431563,-1570.9435795481725,64.14321036082929,1761.4009218296235,-18459.57299266172,12.09411776313648,1048.278743453781,-3182.3383505389415,49.50019713589688,205.74655286915495,-14563.083336047448
38,7.846,0.118,-1.5816173681572616,0.324107642095347,0.9244659981963566,0.4311835917051991,0.8291186611599063,-3.073315373251775,7.846,1.091807046562387,74.23985061714521,3059.059821601514,-10.303069600189296,-0.8312023575705609,-25.40350850054405,-6.280036864853567,-16.864704762702004,-694.6932983395496,16.886472578053286,-62.44670329602633,-2506.7322039437436,-12.131335445097488,-36.385452136656056,-1484.4158065279526,38.98122600151475,-8.23966562412545,-480.16321538265265
48,7.887,0.108,-1.5264824170867606,-0.2583087292951608,0.5725378078242199,1.3898754965331643,0.145281206936008,-0.8776039077803087,7.887,0.8784572756712627,71.42578657147803,-6642.77161662313,-10.41364549243441,0.40717240049447767,-747.0287154692022,-6.257026736975943,-16.108065458391618,1054.0600938572459,17.156941741882974,-57.053153319419515,6681.674758002018,-12.220988089954478,-32.845386107792145,2306.507485423375,39.336944546026615,-17.320238409104583,4240.073875669784
39,8.042,0.118,-1.6635605765383952,0.3493800096642249,0.9660222876863414,0.40104175552325705,0.8632922079139552,-3.111189018020052,8.042,56.852436742275756,-4810.487111427564,-20928.89072821979,-8.531580287320262,-570.8218466219055,3184.9028605232943,-18.521573135502784,754.1107997531894,6847.148605260845,-28.98362242980764,4816.819783554036,10525.066965200938,-35.27729459528165,1625.6254689488567,12995.426511709251,21.41910957308751,3254.2514327485205,-7943.691612656359
30,8.068,0.381,0.06640977803838424,0.07325146870620201,0.39261181523612443,-0.4511152517629744,-0.22797490689549932,-2.398030032362649,8.068,-90.77511887928512,-5308.551113293867,31104.773671019648,-25.915424435502153,-458.05121143311794,9056.888502706664,4.719295710672782,940.3271433224862,-1532.1442594072723,118.55951497280843,4999.236494942175,-40946.237972952425,14.727535748649867,1973.5183997466809,-4850.565463342675,120.72654262330347,2921.0173256633016,-41875.23911891834
49,8.078,0.108,-1.4463892577127409,-0.2447300677146449,0.5427799440777166,1.3165367613643626,0.1373748654244737,-0.831928641255617,8.078,-142.439738492116,-4804.19152491019,49316.678519004054,-29.686097400288745,-349.33018648274253,10361.24250619898,14.30121165280408,891.5660418062423,-4936.07337960469,165.9538046952883,4405.303863927918,-57582.18862613976,34.6560108776964,1854.893272798948,-11883.237615582402,146.48094922565036,2390.501308733502,-50827.546859621965
40,8.237,0.118,-1.745486331627009,0.3746698305256227,1.0075611238838065,0.370899919341315,0.8974657546680042,-3.149062662788329,8.237,9.549699241785618,207.50778422546546,-9233.27403446729,-15.107409270346764,6.602234219506727,2160.9735733884436,-12.375846739911454,-44.862662207628205,3728.2265076541985,21.695432715580026,-171.6867466546197,2594.679300870077,-19.178073158621267,-86.93618037550192,6066.917505249171,59.025482783975555,-68.44561773100895,-6885.181860416908
50,8.269,0.108,-1.366278645046201,-0.231151406134129,0.5130046270386933,1.243180572903041,0.12946852391293937,-0.7862533747309255,8.269,11.370060008094983,-350.41910416670515,-4333.4152378865,-15.444123506835435,75.25365653699323,-609.9559942429844,-13.01983179748553,136.38109155450974,605.3705008552924,20.938896938288284,113.44313298844958,4540.749673941364,-20.339386932806104,224.93092642374697,1384.0041466103703,59.93677580087908,-233.51476692243318,3354.5173707534404
31,8.428,0.36,0.06220353454107791,0.06869615935849681,0.3666238626739289,-0.420432363512914,-0.2125636496003894,-2.2385418453154067,8.428,-366.1305545574395,9311.399323511549,138943.50616145064,64.28690975934916,-2198.5126739919906,-24526.57432967599,132.3090959973742,-3763.7355521617574,-50295.24561810412,147.27769104859365,-2616.6658788502646,-55706.44688179495,221.79815923045305,-6161.129645141416,-84337.94076671265,-184.1744716343709,7025.332867594763,70529.26404276979
41,8.433,0.116,-1.8274295400081426,0.3999421980945006,1.0491174133737915,0.3407580831593729,0.9316393014220531,-3.186936307556606,8.433,-317.7361967724104,10018.408890879706,121337.02207648009,52.86982347847931,-2322.753431985713,-20287.13556056688,112.75492232997102,-4019.2630711520746,-43129.10534383547,133.65800167170255,-2901.2572248868537,-50904.38395662882,189.78433375727352,-6589.7649524027065,-72598.04286833385,-147.701797275655,7381.890529674253,56930.501741446205
51,8.461,0.109,-1.2861854856721813,-0.21759019784613307,0.48322930999967006,1.1698243844417193,0.121579635693925,-0.7405781082062339,8.461,16.018706123363305,10269.670537942719,-13944.291208395938,-18.335184984333747,-2175.6259128943843,4714.851252382152,-16.786007009053435,-3976.1787431546436,6661.187284676979,24.619125371993263,-3383.6027683624375,1010.7306016246093,-24.05066260764766,-6563.880038753591,10507.440558196178,72.68850471859669,6720.998968677928,-16471.216552919883
42,8.628,0.118,-1.9093727483892766,0.42523201895589846,1.0906737028637765,0.31061624697743084,0.9658128481761022,-3.2248274056174027,8.628,87.44791919335817,-14886.094365857676,-52470.765296660014,-15.711127428214837,-1925.8092177297249,9114.695611151765,-33.102745844874434,2238.393918061887,19528.23194826077,-31.824057186302085,14950.24830199905,19881.539104204625,-51.38852397898292,4735.852222744033,30674.691037060402,49.57134566546203,11074.085789268098,-27927.59221914003
32,8.648,0.22,0.05797983775125163,0.06415830330331156,0.3406184568192133,-0.3897669285553737,-0.19715239230527945,-2.0790362049756452,8.648,-246.95376262582377,-15700.389773633768,118695.83878162503,-58.877664207305195,-1725.2667132746647,28449.546751048067,17.26057908170553,2586.599807328548,-8233.961400432861,303.79942725149294,15132.544951773496,-146299.9110718798,55.06397434759502,5260.751129959346,-26300.50831809989,297.9093773583216,10386.207045804149,-143529.56082069292
52,8.652,0.109,-1.2060923262981615,-0.2040115362656172,0.4534714462531667,1.0964856492729176,0.11367329418239068,-0.6949028416815423,8.652,-308.93956626649157,-15098.077931171001,149657.84964070297,-65.43228295985925,-1596.730589047852,31880.425083993723,27.661725159818168,2533.1485570358113,-13319.918306298465,363.0107036424872,14423.013512637586,-176188.71036836773,76.05747983833437,5113.512733743873,-36641.204008012064,337.82964991046265,9724.780303603462,-164111.02479217376
43,8.824,0.117,-1.9912985034778905,0.45050438652477637,1.1322299923537615,0.28047441079548874,0.9999863949301512,-3.2627010503856795,8.824,40.55758223907545,3837.93143589113,-18502.54557779251,-29.999307400183202,2011.0327512134322,12666.713589907435,-33.189093625606375,559.3686062500358,14367.660315232279,34.72692032302129,-7049.515592728003,-13751.382282579667,-41.86980356948362,56.67540354888479,18207.735584419366,122.38303866435584,-9289.408994363472,-51319.68840523722
53,8.843,0.108,-1.1259991669241418,-0.19043287468510128,0.42369612921414346,1.023129460811596,0.10576695267085637,-0.6492275751568507,8.843,117.26871922175255,3216.4817907917277,-53237.70681539603,11.99877287082057,2234.2617958464384,-6271.7287321995245,-20.644531795578715,886.5946648992358,8682.487637019556,-110.00376494656396,-7077.634332491451,51757.15357366612,-39.23500583758144,502.54372207133065,17182.304762091146,-70.98369317427121,-10140.173303778098,36102.421157912
33,8.851,0.149,0.05375614096142535,0.05960299395560636,0.3146130509644978,-0.3591014935978333,-0.18174113501016953,-1.9195305646358836,8.851,140.23528017055799,2721.4270221378592,-59840.798129148316,29.95315866807898,2123.3869106013804,-13453.013139057695,-12.789316982212938,927.2884640925324,4888.543962150939,-164.80666645153255,-6484.252178443757,71815.43944885595,-33.98898816295745,618.833490376565,14000.295169020876,-151.98037018545273,-9578.917757421756,68039.25306225222
44,9.02,0.128,-2.073241711859024,0.4757942073861742,1.1737862818437466,0.2503325746135467,1.0341599416842,-3.3005746951539567,9.02,66.80441840373219,-104.87153999051588,-22512.017682253096,-42.862958533233936,1300.5391177056358,15049.053519723864,-51.054186877742865,1045.9216759512406,17682.85675164385,46.41499875031535,-2763.404989149846,-17024.127840224566,-61.21056978552936,1071.5610304071843,21067.961736150333,177.28145940870158,-5640.7028304284895,-62287.05334740499
54,9.034,0.109,-1.0459060075501219,-0.1768542131045854,0.3939208121751202,0.9497907256427941,0.097878064451842,-0.6035523086321591,9.034,65.71851032153208,-426.75291227615605,-20938.29877535057,-22.647392373874684,1534.3260040986597,7749.984257409033,-34.935668971871884,1313.1754780271342,11515.056831296519,3.072923480829137,-3047.0210695779515,-2116.9370578209055,-44.77914995353092,1387.839498904424,14719.36163866736,89.51017868624982,-6611.985835573473,-30654.980518064753
34,9.054,0.133,0.04953244417159908,0.05506513790042109,0.2886076451097824,-0.328418605347773,-0.16632987771505958,-1.7600423775886418,9.054,47.206650668528376,-786.855235883765,-16161.045215500943,10.620756071411023,1433.637716207524,-4686.948246097982,-4.04779454090134,1327.0623158005942,511.2718927536373,-56.472027920134046,-2571.0353992679225,21682.94868013437,-10.903312725107408,1457.3136591147897,2950.8415050444305,-52.518356342733824,-6118.731817583872,22815.392826088773
45,9.215,0.117,-2.155167466947638,0.501084028247572,1.2153251180412115,0.22017328513908468,1.068333488438249,-3.3384657932147537,9.215,100.33401438788994,-998.7753415467942,-28078.975899849538,-56.356599154094475,1129.3725502959196,16097.996547075265,-72.06313011666187,1172.109222322605,20415.964885267487,56.06255673754806,-1822.956425144475,-16431.647329719824,-82.76338770687003,1254.7380070074432,23404.412056799105,235.98759006261784,-4839.657201103086,-67353.83000195917
55,9.226,0.108,-0.9657953948835821,-0.16327555152406953,0.36414549513609695,0.8764345371814726,0.0899717229403077,-0.5578770421074675,9.226,88.3488531152027,-1327.7576598995033,-25095.8388949718,-42.77206571506582,1319.9693254694657,12655.249079596253,-57.97152909683868,1412.7518371886422,16844.8726728374,34.114673271642225,-2019.545851180124,-10799.41197875769,-67.6828228033793,1530.721820106914,19628.115638302148,177.76734860366136,-5637.140048722893,-52551.428152723485
35,9.257,0.132,0.04532620067429274,0.0505098285527159,0.26261969254758677,-0.2977531703902326,-0.1509186204199497,-1.60053673724888,9.257,26.37856202405644,-1685.3658972289797,-8594.320133117124,5.573918123512756,1304.1426839506478,-1662.5593653040792,-2.6706759384381984,1495.3527754873483,964.2809749963199,-30.61276201652166,-1736.4610572920017,9645.721595445824,-6.273111767697867,1662.0724629433028,2176.8000682054508,-27.071227724898943,-5523.590771373878,8331.382959685758
56,9.417,0.108,-0.8857022355095624,-0.14969688994355365,0.3343876313895936,0.8030783487201508,0.08206538142877337,-0.5122017755827759,9.417,15.755477252536423,-631.405695017536,1717.839128197349,3.32150064153397,86.78553781875814,-2518.307199721827,-1.6971436485544924,245.54757676259322,-2491.0454914193588,-18.158447613899682,231.2809688530172,4442.249606706289,-3.679598780755268,308.9370373484839,-2571.8814353153093,-15.58465036524911,-335.2895637223412,10892.950285532008
36,9.46,0.131,0.041102503884466464,0.04597197249753064,0.23661428669287127,-0.26708773543269226,-0.13550736312483974,-1.4410485502016381,9.46,-17.924380800072,-613.8107564973577,5433.80644449636,8.218878511196973,37.321662653850886,-1566.9904450520412,11.628696445419067,199.91460946986456,-2792.1303761980744,-6.4401575745075625,331.5102065236478,-126.62737478726103,12.987526935242466,266.3571511807518,-3248.692915028654,-34.70642762365449,-115.74420615055496,6565.286435681174
46,9.501,0.206,-2.2371106753287715,0.5263563958164499,1.2568814075311965,0.1900314489571426,1.1025070351922979,-3.3763394379830305,9.501,-36.46663129481124,-194.5970343092083,7682.431796334278,6.755680818839587,-43.21374829067748,-1210.7742286084504,15.525406638843831,17.771205655461436,-3115.2319735707997,9.457930012448152,230.24582052510576,-2468.255800889872,19.168124503694877,44.87059492091191,-3875.475777665863,-26.592356994055372,210.491950017485,4784.329469366813
57,9.608,0.109,-0.8056090761355427,-0.13611822836303777,0.30461231435057035,0.7297396135513491,0.07417649320975901,-0.46654396235060425,9.608,14.659509018179609,-82.49668828636703,-966.6688522871684,0.030220226705207298,37.64483103708798,-102.06021113017759,-4.150392100816033,55.07904348951658,179.9089224953466,-9.890148164712633,-33.40872919602981,902.4037797495196,-5.595861917094357,56.498299620046815,316.18910878821214,-0.5546552086479988,-163.5279496942839,518.1527562162727
37,9.663,0.133,0.036878807094640184,0.04143411644234538,0.21060888083815574,-0.23642230047515186,-0.12009610582972982,-1.2815429098618765,9.663,-5.718379195495427,-192.6108144479613,1196.8812830247198,4.941913025817275,7.782105388414788,-746.9158098330186,5.634741874122314,60.202946013001025,-967.6995909430758,-7.560070749017728,111.39690486862222,951.2972301029159,5.651831578551429,79.75547526250752,-956.0980245039755,-21.05135267575366,-21.559088673935506,3269.4301864786003
47,9.734,0.233,-2.2972023614749366,0.5493772886502551,1.2837769313044292,0.1439547567044923,1.1229448407331517,-3.347489145447564,9.734,-3.0887476410140944,185.5666426321211,-9358.265247911302,-1.9773643580049685,-63.94251805528009,2570.874979132649,-0.8793754286504263,-105.7364993928189,4816.729706934954,6.676193333623585,24.81891306948945,53.81032358874347,-0.11925484066811176,-114.5150481789253,5184.737625561496,9.59860882224418,273.6451117391166,-10723.823954358535
58,9.799,0.108,-0.7255159167615229,-0.12253956678252187,0.2748369973115471,0.6563834250900275,0.0662701516982247,-0.42086869582591263,9.799,17.811640032848203,-1296.5641560908168,-11521.864293732722,-4.139422498367368,316.2638905843567,2274.239173207085,-8.584654316707082,633.0586583338642,5174.819610115882,-2.1654795785416354,104.08206062921406,2214.828815833795,-9.540279382984641,693.8447385394707,5832.111961228388,17.980781129900926,-1308.9652063443316,-9320.753765993486
38,9.867,0.132,0.032655110304813904,0.036878807094640184,0.18460347498344024,-0.20573941222509157,-0.10468484853461989,-1.1220547228146345,9.867,-185.4644776957953,-1277.5985538230543,38395.34783309829,42.23128698328061,216.58573835045945,-8789.633259697819,87.93110248010578,544.5096989668709,-18250.76974667133,21.99299987881841,325.5013442646964,-4542.171012666629,97.3109361155956,620.616261318587,-20238.517172896263,-173.32039069310798,-873.7718804410997,36329.982768819915
48,9.878,0.096,-2.357311500913621,0.5723981814840603,1.3106724550776618,0.097878064451842,1.1433651929814854,-3.3186388529120983,9.878,-196.47214281200297,-787.4248824824709,41964.65302355412,43.785704933826864,106.86775561652317,-9351.366468184258,92.36400917537728,313.59273058737074,-19736.610155548264,25.520540843556258,261.66101061409887,-5548.425478518728,102.44598348551536,363.89614647495335,-21940.37676483295,-179.48074669839372,-420.88413188127106,38578.21354688262
59,9.99,0.109,-0.645422757387503,-0.108960905202006,0.24507913356504374,0.5830272366287058,0.05836381018669038,-0.375193429301221,9.99,-41.45615747434293,951.5596404973969,1943.5408164391047,16.477386284666444,-230.04376263282256,-1898.4260000157565,25.53926898362073,-464.7916097307862,-2154.7946209269503,-12.482855497412007,-68.69484062276035,3376.1449991629484,25.828894592536997,-499.4080918469201,-1853.2057896230326,-67.94018536326382,942.4567780814814,7956.819338744321
49,10.021,0.024,-2.417420640352306,0.5954190743178656,1.3375679788508943,0.05178391890667176,1.1638029985223388,-3.289788560376632,10.021,-15.668913105807409,895.2614991242351,-3401.442667796432,9.464271349214883,-279.37323857878965,-580.0616083557472,12.262116580828856,-490.44686794714426,483.55076517077714,-12.290369026283736,90.24285553022739,3656.728720529455,11.931804546022391,-506.62061486169597,939.6076628620922,-39.18256888946837,1152.9445299895679,2588.6140076977917
39,10.07,0.142,0.02844886680750757,0.032340951039454925,0.15861552242124466,-0.1750739772675512,-0.08927359123950997,-0.9625490824748727,10.07,33.110487148847945,605.8010667062774,-6269.64600696433,-8.341084521831265,-229.47627177455269,1480.7368158881275,-16.583523870611163,-365.20299285762997,3044.3366187988213,-1.3599301221693023,155.54594154003553,476.824168432417,-17.410155824749648,-369.78566069991246,3228.1048287165086,34.759972349604986,954.3881115547506,-6031.923573795981
60,10.182,0.109,-0.5653121447209634,-0.0953822436214901,0.2153038165260205,0.5096885014599041,0.05047492196767601,-0.3295181627765294,10.182,1.1978008152894974,-189.1455883668438,26945.199378857094,0.23554752611050989,54.74868255626366,-9402.401202003879,-0.2744710469383045,100.77753545388964,-15909.99419291471,-1.2249901548920246,-10.158070977063318,5712.718518287657,-0.19450641297550048,103.26409452456159,-15355.756873691238,-0.33725478606429604,-228.00378157536693,40029.60232033901
40,10.273,0.133,0.02422517001768129,0.027785641691749727,0.13261011656652916,-0.14440854231001082,-0.07386233394440003,-0.803043442135111,10.273,-8.932040328578607,4779.917236946454,9554.902845203535,3.6037411048351773,-1683.6927457066834,-3027.238337051622,5.581000553859823,-2830.9970898830966,-5372.795751286021,-2.9895184494442755,1041.4739791462357,1264.9861173773202,5.472596620677848,-2741.7628073022597,-5278.4791285126685,-14.77397465836967,7154.942149334639,12852.606367096589
50,10.371,0.219,-2.4775123264984704,0.6184399671516707,1.364463502624127,0.005707226654021458,1.1842233507706725,-3.260938267841165,10.371,975.7131784920422,961.7706943895319,-187467.56282241928,-342.9987974055167,-283.6715881821583,65956.53609786069,-577.4267528873045,-524.4030170231708,110972.19561544378,211.0369281801713,79.30303619577899,-40669.955965876434,-559.1540852738825,-516.5785014117719,107478.3323262237,1458.2751208906761,1208.4720390209695,-280316.18254708097
61,10.373,0.108,-0.4852189853469435,-0.08180358204097424,0.18552849948699723,0.4363323129985824,0.042568580456141696,-0.28384289625183784,10.373,977.2658778605081,580.7740632830003,-187786.77922536328,-343.433361438662,-149.64951166328626,66046.13504405068,-578.2541444033277,-298.8898290004679,111142.51340067945,211.10963056698085,-3.2961363530475185,-40685.51853851803,-559.9731639806807,-298.16174002388755,107646.88580576808,1460.1278755327637,638.8748610244627,-280698.1925713737
41,10.476,0.131,0.020001473227855015,0.02324778563656447,0.10660471071181364,-0.11372565405995051,-0.0584510766492901,-0.643555255087869,10.476,-0.3452749534537545,-4377.919745002329,4613.219780210167,-0.09063884724824606,1534.7732916624536,-1877.6640451130722,-0.051746349199020436,2586.8984516235646,-2939.1975772014066,0.46086782196705944,-936.582240640958,1601.7497092887081,0.11872694724151032,2506.517863325084,-2807.4213710818885,0.8751870414376464,-6522.486126594249,7962.969981580802
62,10.564,0.108,-0.4051258259729238,-0.06822492046045833,0.15577063574049393,0.36299357782978064,0.03466223894460738,-0.23816762972714622,10.564,-1.1501543229326838,-5.533879026823218,28149.988448839806,-0.2612191717646534,-1.1704587184180955,-9887.119784432532,0.03321118520637478,0.7966671439477937,-16648.340817817818,1.3874740738229547,6.047142931368182,6065.11637862414,0.30651826323697184,1.1248852816150632,-16129.183588415022,1.6828312727045536,4.355633374512585,42013.86367598836
42,10.679,0.132,0.01577777643802874,0.01869247628885927,0.08061675814961808,-0.08306021910241015,-0.04303981935418017,-0.48404961474810737,10.679,-1.2436525223368111,-4.835636228313044,5.921375788776388,-0.2804106465890182,-1.0216081966597184,1.2661671358619415,0.0994660562457893,0.7334772228741235,-0.2434458948322602,1.4092510458905103,5.2283007110816015,-7.3776551503616545,0.2842273506722387,0.9534671422883916,-1.6758228545420142,1.4590378869554137,3.5961687329023615,-8.078546472717758
63,10.755,0.108,-0.325032666598904,-0.0546637121724624,0.12599531870147065,0.28963738936845895,0.026773350725593014,-0.1924923632024546,10.755,-1.813200755351096,-4.39316068539877,-4.022203297740681,-0.4009824022356281,-0.9267951280091777,-0.8084837562455132,0.16311329496858987,0.7303461086240087,1.8556825543984505,2.0596879244065653,4.654676349317556,2.5744110239837994,0.4143153015441946,0.816801210246779,-0.12983356780784927,2.0107096380836045,2.9081405288323356,-4.050516237073474
43,10.882,0.132,0.011571532940722405,0.014154620233674014,0.05461135229490257,-0.05239478414486977,-0.027628562059070237,-0.32456142770086555,10.882,-1.713048798566629,-6.993163489469399,-83.50802927723767,-0.37868665223760284,-1.4658095814313863,-17.883611620441222,0.2331343677956429,1.3685809577922852,18.616431202290045,1.822373454099805,7.129775902157014,79.98675172506097,0.3281338251748295,1.1543868469873244,11.264778826612563,1.4567222627484921,3.455371070944164,29.283110710712116
64,10.947,0.108,-0.24493950722488422,-0.04108505059194652,0.09622000166244739,0.21628120090713732,0.018867009214058702,-0.14681709667776302,10.947,-2.426485863585149,-14.51823474224708,-78.87366860246718,-0.5285687960733726,-3.0819961403144838,-16.976774681339982,0.3492796367006057,3.0307891889687646,18.02109076220888,2.5851649012402826,14.341537722691763,74.4938303414718,0.46414806751233245,2.1729202051495733,10.127414893844195,1.941390970876366,6.189608166339257,25.381352229092958
44,11.115,0.162,0.007347836150896127,0.009616764178488757,0.02860594644018706,-0.02171189589480946,-0.012217304763960306,-0.16505578736110377,11.115,-6.403661727656417,-11.747914365199392,256.5569333882026,-1.3833460912094213,-2.5091622918640937,55.01291738433598,1.398589627533962,2.7794228871955724,-61.95032918829881,6.126232147634404,11.026592526206997,-237.93843969782762,0.8641067130604192,1.467761355097437,-30.635692916034216,2.4311665486055305,3.2092980070925705,-63.464262218932404
65,11.138,0.109,-0.16482889455834449,-0.027506389011430633,0.06644468462342412,0.14294246573833558,0.01096066770252439,-0.10114183015307139,11.138,-6.636311838178249,-5.091179858133292,274.24244239427384,-1.4329366808552448,-1.0813765692937183,58.7819586396545,1.4516011004558997,1.1642068662479288,-66.24452693833958,6.348194497025662,4.866917320332339,-254.40152351463956,0.8949905347313193,0.6798911879706901,-32.772319808231195,2.5059060494476415,1.60564279926862,-67.66159620054607
66,11.329,0.109,-0.0847357351843247,-0.013927727430914751,0.0366868208769208,0.06958627727701393,0.00307177948351002,-0.05546656362837979,11.329,0.3600592675992595,23.210402424399273,71.18772529581341,0.06519191143807715,4.918596844630409,14.912978635884954,-0.13523886228861307,-5.172119416540502,-15.728197955059958,-0.3096689461947195,-22.453063537216032,-69.81559020373005,-0.02657020776870518,-3.2275413817958505,-10.331695085344238,0.20514286732461137,-8.046259421335185,-25.09593053225325
45,11.678,0.521,0.00312413936106985,0.005061454830783556,0.0026005405854715507,0.00895353906273091,0.003193952531149623,-0.005550147021341968,11.678,-0.09734598013148213,-1.0405125759618161,-8.337188699445509,-0.08350020923186222,-0.3991650212467044,-1.9088388539451406,0.059487375511060495,0.46426297229985447,1.8606308280350117,-0.23518925564488163,-0.12558409204202325,7.450716993165623,-0.13432788234136023,-0.3758940975823508,0.8921556659605683,-0.052437004616850455,-0.5831487510398398,3.1593131260953093
67,11.73,0.318,-0.004642575810304917,-0.00034906585039886593,0.006911503837897545,-0.0037524578917878084,-0.0048345620280242935,-0.009791297103688189,11.73,-0.1493599071418236,-1.000267827121959,0.7739374776895671,-0.10404847463812429,-0.39515895012042757,0.07703982935147793,0.0829031394697313,0.45030315305136503,-0.2684580624709527,-0.24434609527920798,-0.17609306989089252,-0.9713264970936472,-0.15439451075334573,-0.38589670023049344,-0.19235774323351343,-0.08156057850665872,-0.5600687286501633,0.4438465844168579
