goal_index,point_index,time_from_start,positions,velocities,accelerations,success
1,0,0.0,"[0.0, 0.0, 0.0, 0.0, 0.0, 0.0]","[0.0, 0.0, 0.0, 0.0, 0.0, 0.0]","[-0.92848045161572, 0.0, 0.0, 0.0, 0.0, 0.0]",True
1,1,0.41713949,"[-0.08078028480434117, 0.01477652292269696, 0.06849669686707202, -0.002167023560580694, 0.08705090889266899, 0.000560137836029753]","[-0.3275597406003193, 0.05991801127288392, 0.2777504475516661, -0.008787164802623298, 0.3529867863794942, 0.002271329009482148]","[-0.9044843587213564, 0.16545044242216803, 0.7669469238738724, -0.024263827743035708, 0.9746955670756141, 0.006271776741615455]",True
1,2,0.592190715,"[-0.16156056960868234, 0.02955304584539392, 0.13699339373414404, -0.004334047121161388, 0.17410181778533798, 0.001120275672059506]","[-0.5276812150543269, 0.09652471007019545, 0.4474411091464987, -0.014155652313782411, 0.5686428252552842, 0.0036589895000988795]","[-0.8514471676685416, 0.15574875256992757, 0.7219746585863108, -0.022841044413206543, 0.9175413282976191, 0.005904012038911373]",True
1,3,0.728208302,"[-0.2423408544130235, 0.04432956876809088, 0.20549009060121606, -0.0065010706817420815, 0.26115272667800693, 0.001680413508089259]","[-0.646745722030889, 0.11830427448842132, 0.548400464040512, -0.01734969393510223, 0.6969497948861993, 0.0044845936118860265]","[-0.8406052640615652, 0.1537655256283264, 0.7127813933406142, -0.022550197944730115, 0.9058578146110858, 0.005828833294003918]",True
1,4,0.843675422,"[-0.3231211392173647, 0.05910609169078784, 0.2739867874682881, -0.008668094242322776, 0.34820363557067596, 0.002240551344119012]","[-0.7500387408423312, 0.1371988805661139, 0.6359865701696142, -0.020120647342236918, 0.8082610039464622, 0.005200836791446006]","[-0.9324851423099981, 0.17057241273402313, 0.7906898605341892, -0.02501498079849067, 1.004869930374798, 0.0064659367196902295]",True
1,5,0.944589987,"[-0.40390142402170587, 0.0738826146134848, 0.34248348433536013, -0.01083511780290347, 0.43525454446334494, 0.0028006891801487656]","[-0.837978600820664, 0.15328505010532759, 0.7105541449938233, -0.02247973469812816, 0.9030272548646132, 0.005810619772384141]","[-0.7763900454762228, 0.14201912424201682, 0.6583308504594322, -0.020827551237562456, 0.836657846374587, 0.005383559132546094]",True
1,6,1.036860193,"[-0.484681708826047, 0.08865913753618176, 0.4109801812024321, -0.013002141363484163, 0.5223054533560139, 0.003360827016178518]","[-0.9070516431214632, 0.16592005622557499, 0.7691238226277158, -0.024332698084298048, 0.9774621386587251, 0.006289578524956924]","[-0.7082589116918828, 0.12955641428064116, 0.6005598531258727, -0.018999855624983793, 0.7632379873807863, 0.004911131659225941]",True
1,7,1.12292228,"[-0.5654619936303882, 0.10343566045887873, 0.4794768780695042, -0.015169164924064858, 0.609356362248683, 0.003920964852208272]","[-0.9675002700867252, 0.17697746366306083, 0.8203805282372476, -0.02595430166190063, 1.042603131060341, 0.006708734797818586]","[-0.6909866818142, 0.1263969366762759, 0.5859140679938164, -0.01853650829736062, 0.7446249890099634, 0.004791364447578249]",True
1,8,1.203996659,"[-0.6462422784347294, 0.11821218338157569, 0.5479735749365762, -0.017336188484645552, 0.6964072711413519, 0.004481102688238024]","[-1.021785044652986, 0.18690736447579825, 0.8664106673605337, -0.027410552846837972, 1.101101797863415, 0.007085150357983511]","[-0.6424849283992239, 0.11752487992550677, 0.5447875739583906, -0.017235393271159867, 0.6923582542752842, 0.0044550488816295225]",True
1,9,1.281136149,"[-0.7270225632390706, 0.13298870630427265, 0.6164702718036482, -0.019503212045226245, 0.7834581800340209, 0.005041240524267777]","[-1.0471975511965976, 0.19155588095942278, 0.8879589047994879, -0.028092272409312925, 1.1284869673663507, 0.007261362987809081]","[0.0, 0.0, 0.0, 0.0, 0.0, 0.0]",True
1,10,1.358275639,"[-0.8078028480434117, 0.1477652292269696, 0.6849669686707203, -0.02167023560580694, 0.8705090889266899, 0.005601378360297531]","[-1.021785044652986, 0.18690736447579825, 0.8664106673605341, -0.027410552846837993, 1.1011017978634157, 0.007085150357983516]","[0.6424849283992239, -0.11752487992550677, -0.5447875739583822, 0.017235393271159298, -0.6923582542752673, -0.004455048881629391]",True
1,11,1.439350018,"[-0.8885831328477529, 0.16254175214966657, 0.7534636655377923, -0.023837259166387636, 0.957559997819359, 0.006161516196327284]","[-0.9675002700867252, 0.17697746366306094, 0.8203805282372478, -0.025954301661900644, 1.0426031310603405, 0.006708734797818586]","[0.6909866818142004, -0.126396936676273, -0.5859140679938262, 0.018536508297361462, -0.7446249890100091, -0.004791364447578501]",True
1,12,1.525412105,"[-0.969363417652094, 0.17731827507236353, 0.8219603624048643, -0.026004282726968326, 1.0446109067120277, 0.006721654032357036]","[-0.9070516431214634, 0.16592005622557496, 0.7691238226277155, -0.024332698084298013, 0.9774621386587246, 0.0062895785249569205]","[0.7082589116918802, -0.12955641428064707, -0.6005598531258788, 0.018999855624983984, -0.7632379873807451, -0.004911131659225785]",True
1,13,1.617682311,"[-1.0501437024564353, 0.1920947979950605, 0.8904570592719363, -0.02817130628754902, 1.131661815604697, 0.00728179186838679]","[-0.837978600820664, 0.15328505010532753, 0.7105541449938233, -0.022479734698128168, 0.9030272548646143, 0.005810619772384147]","[0.776390045476226, -0.14201912424201218, -0.6583308504594159, 0.020827551237561408, -0.8366578463745891, -0.005383559132546057]",True
1,14,1.7185968759999999,"[-1.1309239872607764, 0.20687132091775745, 0.9589537561390084, -0.030338329848129716, 1.218712724497366, 0.007841929704416543]","[-0.7589864227641133, 0.13883561194608435, 0.6435736523115476, -0.020360679146829472, 0.8179032557119792, 0.005262880831044146]","[0.7774267773423806, -0.14220876571483734, -0.6592099351091332, 0.020855362755997208, -0.8377750552510744, -0.005390747925523041]",True
1,15,1.831184063,"[-1.2117042720651177, 0.2216478438404544, 1.0274504530060804, -0.03250535340871041, 1.3057636333900349, 0.008402067540446296]","[-0.6618781295428726, 0.12107233066720319, 0.5612318118468227, -0.017755638079594946, 0.713256865737002, 0.004589523100785609]","[0.9048997807737724, -0.16552643241768195, -0.7672991761401862, 0.024274971914876098, -0.9751432365450048, -0.0062746573158798755]",True
1,16,1.9644265239999998,"[-1.2924845568694587, 0.23642436676315137, 1.0959471498731523, -0.034672376969291104, 1.3928145422827038, 0.008962205376476047]","[-0.5344879822629568, 0.0977698202097722, 0.45321282771945914, -0.014338251631774612, 0.5759779723591512, 0.0037061882425127642]","[0.9327092799697956, -0.1706134125308915, -0.7908799154390053, 0.025020993547650625, -1.0051114668716081, -0.0064674909105923595]",True
1,17,2.139007091,"[-1.3732648416737998, 0.2512008896858483, 1.1644438467402243, -0.036839400529871794, 1.4798654511753728, 0.009522343212505802]","[-0.32818178221874783, 0.06003179661364921, 0.27827790046024903, -0.008803851780715305, 0.35365711439807496, 0.0022756423025945874]","[0.9094087632814849, -0.16635122628347276, -0.77112251507441, 0.024395930529371196, -0.980002231860876, -0.0063059230103582635]",True
1,18,2.556146581,"[-1.454045126478141, 0.2659774126085453, 1.2329405436072964, -0.03900642409045249, 1.5669163600680418, 0.010082481048535555]","[0.0, 0.0, 0.0, 0.0, 0.0, 0.0]","[0.928480451615721, -0.1698398651330136, -0.7872941299398145, 0.024907550388851098, -1.0005543728645108, -0.006438167830475483]",True
2,0,0.0,"[-1.454045126478141, 0.2659774126085453, 1.2329405436072964, -0.03900642409045249, 1.5669163600680418, 0.010082481048535555]","[0.0, 0.0, 0.0, 0.0, 0.0, 0.0]","[-0.4698894445599611, 0.0, 0.0, 0.0, 0.0, 0.0]",True
2,1,0.432012971,"[-1.4978940833174814, 0.23553689625422364, 1.1648557241884854, 0.05313878747588707, 1.5567736267241075, 0.014993117997088634]","[-0.17370748699782512, -0.12058999757278985, -0.2697177706478888, 0.365032928804164, -0.04018040216827232, 0.019453470854898833]","[-0.47324752874066234, -0.3285345918502628, -0.7348173105408626, 0.99449329704309, -0.10946722192912339, 0.052998907339121416]",True
2,2,0.610321789,"[-1.5417430401568217, 0.20509637989990195, 1.0967709047696745, 0.14528399904222664, 1.546630893380173, 0.019903754945641713]","[-0.2809195786026238, -0.1950180264956778, -0.43618731570846203, 0.5903308965435149, -0.06497970720937454, 0.031460134098796846]","[-0.4415417142046507, -0.3065240028766853, -0.6855872988641859, 0.9278659654281306, -0.10213332745428132, 0.04944817875702498]",True
2,3,0.749117977,"[-1.5855919969961623, 0.17465586354558027, 1.0286860853508635, 0.23742921060856623, 1.5364881600362386, 0.024814391894194793]","[-0.3430801888661867, -0.2381707309090461, -0.5327048666336582, 0.7209566399292713, -0.07935812211008818, 0.03842148988710599]","[-0.4222949338562954, -0.29316263754003236, -0.6557025841784518, 0.887420336272885, -0.09768134102465363, 0.04729273521784318]",True
2,4,0.8675528,"[-1.6294409538355026, 0.1442153471912586, 0.9606012659320526, 0.32957442217490573, 1.5263454266923042, 0.02972502884274787]","[-0.39308821714643283, -0.272886954792997, -0.610352952708461, 0.8260446666018847, -0.09092551464261597, 0.04402188016085926]","[-0.4083188639138341, -0.28346026794406654, -0.6340017669457152, 0.8580506998084928, -0.0944485263617816, 0.04572755760811111]",True
2,5,0.972974302,"[-1.673289910674843, 0.11377483083693693, 0.8925164465132416, 0.42171963374124544, 1.5162026933483697, 0.03463566579130095]","[-0.43542310558112896, -0.3022763851613509, -0.6760868593268698, 0.9150081798217156, -0.10071802774872232, 0.04876295685561374]","[-0.38617411305649557, -0.2680870937747182, -0.5996173374889034, 0.8115152084326921, -0.08932620831580092, 0.04324757086235986]",True
2,6,1.069365379,"[-1.7171388675141832, 0.08333431448261527, 0.8244316270944305, 0.5138648453075849, 1.5060599600044353, 0.03954630273985403]","[-0.4762158379605691, -0.3305952307312355, -0.739426241101221, 1.0007309706567344, -0.11015382364259146, 0.05333132776552769]","[-0.4619211905080837, -0.3206717004828206, -0.717230764615313, 0.9706918680481688, -0.10684731858963578, 0.05173047271659359]",True
2,7,1.157499579,"[-1.7609878243535235, 0.05289379812829362, 0.7563468076756197, 0.6060100568739244, 1.495917226660501, 0.0444569396884071]","[-0.51282877447365, -0.35601240762759045, -0.7962756019655806, 1.0776702418330988, -0.11862278798651513, 0.05743160407300989]","[-0.3576501168390967, -0.24828536447638244, -0.5553277745996051, 0.7515742233871167, -0.08272830249572573, 0.04005317355300397]",True
2,8,1.240525983,"[-1.804836781192864, 0.022453281773971934, 0.6882619882568087, 0.698155268440264, 1.4857744933165664, 0.04936757663696018]","[-0.5443780779117943, -0.37791434456066375, -0.845262596918405, 1.1439686774088864, -0.12592047976815576, 0.0609648050048384]","[-0.4030091036838488, -0.2797741633074186, -0.6257572363463229, 0.8468926469146005, -0.09322032195244474, 0.04513291849574373]",True
2,9,1.318740611,"[-1.8486857380322044, -0.007987234580349722, 0.6201771688379977, 0.7903004800066037, 1.475631759972632, 0.05427821358551326]","[-0.5749221946959742, -0.399118467840126, -0.8926888260799685, 1.2081547905129564, -0.13298566111107885, 0.06438543526044238]","[-0.3747210792033932, -0.2601362486590915, -0.5818340697011674, 0.787447538331961, -0.08667699892242678, 0.041964947619619414]",True
2,10,1.393159146,"[-1.8925346948715447, -0.038427750934671434, 0.5520923494191867, 0.8824456915729433, 1.4654890266286975, 0.05918885053406634]","[-0.6011832764394588, -0.4173492524679946, -0.9334647335844227, 1.2633404347708208, -0.13906013057732747, 0.06732640917667547]","[-0.3278858816441647, -0.22762264514318276, -0.5091124772594782, 0.6890269714834074, -0.07584351611694572, 0.03671988209913855]",True
2,11,1.464673895,"[-1.936383651710885, -0.06886826728899309, 0.4840075300003758, 0.9745909031392829, 1.4553462932847632, 0.06409948748261943]","[-0.625593728207839, -0.4342953056886969, -0.9713671449615321, 1.3146371224176587, -0.14470652950988894, 0.07006013136814915]","[-0.3550534256191456, -0.24648270764609884, -0.5512958599193553, 0.7461174764293909, -0.08212766000568808, 0.03976237056091763]",True
2,12,1.533398163,"[-1.9802326085502253, -0.09930878364331475, 0.4159227105815647, 1.0667361147056225, 1.4452035599408288, 0.06901012443117249]","[-0.6477084666083631, -0.4496476448200291, -1.0057049737041999, 1.3611095449228683, -0.14982190535313228, 0.0725367570241503]","[-0.2855154842952595, -0.19820856402459108, -0.44332343550928927, 0.5999888390103668, -0.06604278941872004, 0.03197482876734165]",True
2,13,1.600101261,"[-2.0240815653895656, -0.1297492999976364, 0.3478378911627539, 1.158881326271962, 1.4350608265968945, 0.07392076137972557]","[-0.6673346808550635, -0.4632724181057211, -1.0361788401124106, 1.4023525252435762, -0.15436165890723935, 0.07473469329873923]","[-0.30308043988797545, -0.21040238473376072, -0.4705967600267823, 0.6369002427451342, -0.07010575176991124, 0.03394192504854143]",True
2,14,1.664842631,"[-2.067930522228906, -0.16018981635195806, 0.2797530717439429, 1.2510265378383014, 1.42491809325296, 0.07883139832827865]","[-0.6875555890196519, -0.4773100356467419, -1.067576095146657, 1.4448452091109814, -0.15903897153378735, 0.07699922924038421]","[-0.3217259941941055, -0.22334637112939357, -0.4995479435759805, 0.6760824415966915, -0.07441866817668429, 0.03603003738921581]",True
2,15,1.727679966,"[-2.1117794790682463, -0.19063033270627971, 0.21166825232513187, 1.3431717494046411, 1.4147753599090256, 0.08374203527683173]","[-0.7083892109225369, -0.49177300703687477, -1.099924718405696, 1.4886254637922547, -0.16385801141023285, 0.07933238288559719]","[-0.34151862580923054, -0.2370866735175082, -0.5302802082971788, 0.717675135222399, -0.07899691585056683, 0.03824661071556566]",True
2,16,1.788669265,"[-2.1556284359075866, -0.22107084906060143, 0.14358343290632103, 1.4353169609709806, 1.404632626565091, 0.08865267222538481]","[-0.7261870493413062, -0.5041284980339134, -1.1275596429770296, 1.5260262528812512, -0.16797484205323712, 0.08132555967344621]","[-0.23930287655262122, -0.16612717045976227, -0.37156854600162054, 0.5028765967947242, -0.05535331830581097, 0.026799486970678077]",True
2,17,1.848456833,"[-2.1994773927469273, -0.2515113654149231, 0.07549861348750997, 1.5274621725373203, 1.3944898932211567, 0.09356330917393789]","[-0.733412612279651, -0.5091445778371306, -1.1387788642155021, 1.5412102178745248, -0.16964619214742346, 0.0821347491934878]","[2.488308002537435e-13, 0.0, 0.0, 0.0, 0.0, 0.0]",True
2,18,1.908244402,"[-2.243326349586267, -0.28195188176924474, 0.007413794068698909, 1.61960738410366, 1.3843471598772223, 0.09847394612249097]","[-0.7261870493413024, -0.5041284980339129, -1.1275596429770296, 1.5260262528812512, -0.16797484205323712, 0.08132555967344621]","[0.23930287655225352, 0.1661271704597779, 0.37156854600162054, -0.5028765967947242, 0.05535331830581097, -0.026799486970678077]",True
2,19,1.9692337009999998,"[-2.287175306425608, -0.3123923981235664, -0.06067102535011193, 1.7117525956699995, 1.3742044265332878, 0.10338458307104405]","[-0.7083892109225407, -0.49177300703687515, -1.099924718405696, 1.4886254637922547, -0.16385801141023285, 0.07933238288559719]","[0.3415186258093489, 0.23708667351746518, 0.5302802082971788, -0.717675135222399, 0.07899691585056683, -0.03824661071556566]",True
2,20,2.032071036,"[-2.3310242632649483, -0.34283291447788816, -0.128755844768923, 1.8038978072363392, 1.3640616931893534, 0.10829522001959713]","[-0.6875555890196514, -0.47731003564674246, -1.0675760951466573, 1.4448452091109805, -0.15903897153378724, 0.07699922924038417]","[0.32172599419411924, 0.22334637112942998, 0.4995479435759732, -0.6760824415967188, 0.07441866817668773, -0.03603003738921731]",True
2,21,2.096812406,"[-2.3748732201042886, -0.3732734308322098, -0.19684066418773405, 1.8960430188026787, 1.3539189598454189, 0.1132058569681502]","[-0.6673346808550631, -0.46327241810572084, -1.0361788401124108, 1.402352525243577, -0.15436165890723924, 0.07473469329873919]","[0.30308043988796174, 0.2104023847337513, 0.47059676002678874, -0.6369002427450562, 0.07010575176990783, -0.033941925048539934]",True
2,22,2.163515503,"[-2.418722176943629, -0.4037139471865315, -0.2649254836065449, 1.9881882303690184, 1.3437762265014845, 0.11811649391670329]","[-0.6445498437662651, -0.44745488774637043, -1.0008005408210114, 1.3544719418640359, -0.1490912820605682, 0.07218302340873554]","[0.3768963658346778, 0.26164636094105787, 0.5852116642472923, -0.7920187359455447, 0.08718016601775534, -0.0422085575860872]",True
2,23,2.232927014,"[-2.462571133782969, -0.43415446354085313, -0.33301030302535595, 2.0803334419353576, 1.3336334931575502, 0.12302713086525636]","[-0.619399730898853, -0.4299953521670263, -0.9617496484767645, 1.3016209132848064, -0.14327379159395087, 0.06936646670113777]","[0.3480574704627679, 0.24162602455260113, 0.5404331535333311, -0.7314160145371724, 0.08050942065056979, -0.03897889477592709]",True
2,24,2.305156911,"[-2.50642009062231, -0.4645949798951748, -0.401095122444167, 2.172478653501697, 1.3234907598136156, 0.12793776781380944]","[-0.5952309667717415, -0.4132170816514794, -0.9242225084994284, 1.2508321136344775, -0.13768329760131437, 0.06665981106601537]","[0.32142523443221777, 0.22313757978940782, 0.49908095016123993, -0.6754504180798646, 0.07434909922264855, -0.0359963553564669]",True
2,25,2.380319631,"[-2.55026904746165, -0.49503549624949644, -0.46917994186297785, 2.264623865068037, 1.3133480264696813, 0.13284840476236254]","[-0.5701348908663492, -0.39579505923424535, -0.8852555200166763, 1.1980946395764305, -0.13187830646275217, 0.0638493059482712]","[0.3444292024376326, 0.23910723368235112, 0.5347994967464615, -0.7237914882340084, 0.07967016339726044, -0.038572565679241735]",True
2,26,2.459059649,"[-2.59411800430099, -0.525476012603818, -0.5372647612817887, 2.356769076634376, 1.303205293125747, 0.13775904171091558]","[-0.5424066535700538, -0.37654575613253105, -0.8422015418790106, 1.1398258807233832, -0.12546446820374696, 0.06074402554024819]","[0.35788006016026297, 0.2484449941217083, 0.5556848104478457, -0.7520574315978332, 0.0827814908485718, -0.04007892486501044]",True
2,27,2.5421178380000002,"[-2.6379669611403305, -0.5559165289581398, -0.6053495807005995, 2.4489142882007155, 1.2930625597818124, 0.14266967865946867]","[-0.5129530964122831, -0.3560987135349347, -0.7964686381824418, 1.0779314948289116, -0.1186515449824219, 0.05744552686500713]","[0.35011958279974786, 0.2430575697669777, 0.5436350209482335, -0.7357493850723074, 0.08098640931962427, -0.039209830373118496]",True
2,28,2.630172262,"[-2.6818159179796712, -0.5863570453124614, -0.6734344001194106, 2.541059499767055, 1.282919826437878, 0.14758031560802176]","[-0.48101302899206827, -0.33392550316130004, -0.7468748991455594, 1.0108118987878485, -0.11126346530660372, 0.053868564343694275]","[0.37168885016815406, 0.25803123581054654, 0.5771258900501992, -0.7810755421404738, 0.08597561187101634, -0.04162536882435377]",True
2,29,2.724664054,"[-2.725664874819011, -0.6167975616667831, -0.7415192195382216, 2.633204711333395, 1.2727770930939437, 0.1524909525565748]","[-0.4435531870347287, -0.3079203934864985, -0.6887105376884031, 0.9320929209328537, -0.10259860266297774, 0.04967344324476697]","[0.4137933156973619, 0.28726070360007583, 0.642502016164177, -0.8695548393404966, 0.09571482569125343, -0.0463406404985418]",True
2,30,2.828312183,"[-2.769513831658352, -0.6472380780211047, -0.8096040389570327, 2.7253499228997344, 1.2626343597500091, 0.1574015895051279]","[-0.39956741449354594, -0.2773848978918556, -0.6204132828315541, 0.8396602016878663, -0.0924242223818964, 0.04474748432987702]","[0.4265925185691049, 0.29614607676323534, 0.6623754972918995, -0.8964513801362395, 0.0986754183963158, -0.047774020972420526]",True
2,31,2.944907287,"[-2.8133627884976917, -0.6776785943754264, -0.8776888583758435, 2.817495134466074, 1.2524916264060748, 0.16231222645368099]","[-0.3483496016747699, -0.24182882584081666, -0.5408867492912114, 0.7320299058191846, -0.08057699372868576, 0.03901161049886482]","[0.43778820670524454, 0.3039182691339569, 0.6797591811915908, -0.919978257998512, 0.10126510096922683, -0.049027824113687384]",True
2,32,3.081670163,"[-2.8572117453370325, -0.7081191107297482, -0.9457736777946544, 2.9096403460324134, 1.2423488930621405, 0.16722286340223408]","[-0.2838789539616029, -0.19707246337415624, -0.44078237455209146, 0.59654979633528, -0.06566424242513132, 0.031791554023692194]","[0.46775953946102244, 0.32472475828839376, 0.7262960414842757, -0.9829607095039675, 0.10819779123177652, -0.05238430838689065]",True
2,33,3.259097469,"[-2.901060702176373, -0.7385596270840697, -1.0138584972134657, 3.0017855575987533, 1.232206159718206, 0.17213350035078712]","[-0.17431837882165566, -0.12101408662517374, -0.2706663099634845, 0.3663166710048576, -0.040321707989840784, 0.01952188452258671]","[0.4779415748516548, 0.33179325973449625, 0.7421058141871842, -1.0043574740538377, 0.11055300506832949, -0.053524592735817854]",True
2,34,3.69111044,"[-2.944909659015713, -0.7690001434383914, -1.0819433166322765, 3.093930769165093, 1.2220634263742716, 0.1770441372993402]","[0.0, 0.0, 0.0, 0.0, 0.0, 0.0]","[0.46988944455996146, 0.32620336612016465, 0.7296031715620538, -0.9874365413163336, 0.10869046109268421, -0.05262283608354938]",True
3,0,0.0,"[-2.944909659015713, -0.7690001434383914, -1.0819433166322765, 3.093930769165093, 1.2220634263742716, 0.1770441372993402]","[0.0, 0.0, 0.0, 0.0, 0.0, 0.0]","[0.364876904420972, 0.0, 0.0, 0.0, 0.0, 0.0]",True
3,1,0.40128962,"[-2.9155309821984003, -0.725761754303958, -1.0679291814037442, 3.0455474633651587, 1.2067451989519717, 0.2578832555893848]","[0.12400443900001554, 0.1825048902379471, 0.059152254810210456, -0.2042210658429448, -0.06465669675284824, 0.34121378492122967]","[0.35684728288134976, 0.5251938940182799, 0.1702223047460923, -0.587686481555543, -0.18606242439703352, 0.981910107514674]",True
3,2,0.569361564,"[-2.8861523053810876, -0.6825233651695245, -1.0539150461752118, 2.9971641575652246, 1.1914269715296721, 0.3387223738794294]","[0.20056055106301796, 0.2951771860184271, 0.09567083982658378, -0.3303001879161177, -0.10457353652206042, 0.5518675402748394]","[0.34594165939896754, 0.5091434233038539, 0.16502013436980437, -0.5697261724794004, -0.18037616351729704, 0.9519019151035245]",True
3,3,0.699170255,"[-2.856773628563775, -0.639284976035091, -1.0399009109466795, 2.9487808517652905, 1.1761087441073723, 0.419561492169474]","[0.24561761163588608, 0.361490408033768, 0.11716383434756963, -0.4045039906843404, -0.128066572138587, 0.6758477001745309]","[0.32063256420574326, 0.471894485463326, 0.15294725972144332, -0.528045000115239, -0.16717984162596394, 0.8822607616621473]",True
3,4,0.81006987,"[-2.827394951746462, -0.5960465869006576, -1.0258867757181473, 2.9003975459653564, 1.1607905166850725, 0.5004006104595187]","[0.26646696527360536, 0.3921756724313081, 0.12710933540343433, -0.4388404810258776, -0.13893755664944496, 0.7332173147242687]","[0.028200157579518676, 0.04150389054816187, 0.013451961238531172, -0.046442419999433805, -0.014703740057232892, 0.07759627462272023]",True
3,5,0.919682969,"[-2.7980162749291493, -0.5528081977662241, -1.011872640489615, 2.852014240165422, 1.145472289262773, 0.5812397287495632]","[0.24822817873286582, 0.3653325387295335, 0.11840911984996848, -0.40880329480038025, -0.12942773829121348, 0.6830310033460498]","[-0.33235275565771866, -0.48914380550185554, -0.15853799305957533, 0.5473468090626566, 0.17329082338358875, -0.9145103401254504]",True
3,6,1.048291573,"[-2.7686375981118365, -0.5095698086317906, -0.9978585052610827, 2.8036309343654877, 1.130154061840473, 0.6620788470396078]","[0.20259389261820226, 0.2981697787057353, 0.09664077879617533, -0.33364886787444115, -0.10563373363587908, 0.5574625348869432]","[-0.3505965930492361, -0.5159943728485561, -0.16724061795592238, 0.5773923134591274, 0.18280327528730425, -0.9647105495538238]",True
3,7,1.21450473,"[-2.7392589212945238, -0.4663314194973572, -0.9838443700325503, 2.7552476285655536, 1.1148358344181735, 0.7429179653296524]","[0.1314171913452363, 0.19341468962928512, 0.06268826544906694, -0.21642901740482867, -0.06852175258757402, 0.3616109038049833]","[-0.3573247444519914, -0.5258966033103449, -0.17045006214507277, 0.5884728059132982, 0.18631137587194027, -0.9832239029802766]",True
3,8,1.55579435,"[-2.709880244477211, -0.4230930303629237, -0.969830234804018, 2.7068643227656195, 1.0995176069958736, 0.823757083619697]","[-0.00653905652678663, 0.08079919900478083, 0.059249022789124584, -0.18947874978937382, -0.08071762608812906, 0.06023453640426194]","[-0.5225293367687875, -0.2589052440165406, 0.10260262547911188, -0.2691765723648908, -0.20216331164800988, -0.9964747608579778]",True
3,9,1.923520789,"[-2.7463438067705863, -0.4102567281483801, -0.9413550621323873, 2.619642781871258, 1.0566583974029793, 0.7809557060063523]","[-0.15411589384399302, 0.05425356342118636, 0.12035238502870306, -0.36864817620485224, -0.18114756157699857, -0.18090313051594797]","[-0.40548296533927264, 0.14274255060619365, 0.3166502866764155, -0.9699230360093296, -0.47660399326868225, -0.47596088872583797]",True
3,10,2.097927255,"[-2.7828073690639616, -0.3974204259338365, -0.9128798894607566, 2.5324212409768974, 1.0137991878100852, 0.7381543283930078]","[-0.24123240110780048, 0.08492126961282397, 0.18838352161726907, -0.577032533710827, -0.28354415721896553, -0.28316155753834893]","[-0.4179608998823428, 0.14713516966846077, 0.3263945716105284, -0.9997704949402474, -0.49127053647599495, -0.49060764166554227]",True
3,11,2.231301664,"[-2.819270931357337, -0.3845841237192929, -0.8844047167891258, 2.445199700082536, 0.9709399782171908, 0.6953529507796632]","[-0.29657244584601083, 0.10440267774049589, 0.2315997416041627, -0.7094069829320591, -0.3485907524263143, -0.3481203822665043]","[-0.3747598271189455, 0.13192705529056342, 0.2926579334663898, -0.8964326996805104, -0.44049206844515737, -0.4398976914481059]",True
3,12,2.345338533,"[-2.8557344936507123, -0.3717478215047493, -0.8559295441174951, 2.3579781591881748, 0.9280807686242964, 0.6525515731663185]","[-0.3390918132727354, 0.11937081074597092, 0.26480402152676485, -0.8111141259416746, -0.3985679451546928, -0.39803013838055346]","[-0.3585226445291127, 0.12621106459390521, 0.2799779716396746, -0.8575930472659911, -0.4214069114268441, -0.4208382869441532]",True
3,13,2.4470695190000002,"[-2.8921980559440876, -0.35891151929020565, -0.8274543714458644, 2.270756618293814, 0.8852215590314022, 0.6097501955529738]","[-0.3751543513874208, 0.13206594004077657, 0.2929660258732105, -0.8973764093032746, -0.44095579160462195, -0.4403607888837461]","[-0.3434269938268547, 0.12089692844395031, 0.26818945638494024, -0.8214839610374628, -0.4036635090630435, -0.403118826601017]",True
3,14,2.5401178939999998,"[-2.928661618237463, -0.346075217075662, -0.7989791987742337, 2.1835350773994526, 0.842362349438508, 0.5669488179396293]","[-0.4067472353878888, 0.14318761278345024, 0.31763758209336534, -0.9729471942322705, -0.4780900141505656, -0.4774449044487329]","[-0.3312979135382811, 0.11662711687380789, 0.2587175991707055, -0.7924709681792557, -0.38940700855785515, -0.3888815630732245]",True
3,15,2.626602933,"[-2.9651251805308383, -0.33323891486111845, -0.770504026102603, 2.0963135365050913, 0.7995031398456136, 0.5241474403262846]","[-0.43606495136244605, 0.15350835598077467, 0.34053241112835, -1.043075733573274, -0.5125500080378544, -0.5118583998195843]","[-0.34518461820344437, 0.12151566661046018, 0.2695620227077967, -0.8256882322823984, -0.4057294177895459, -0.4051819476981744]",True
3,16,2.707540819,"[-3.0015887428242136, -0.3204026126465748, -0.7420288534309724, 2.00909199561073, 0.7566439302527194, 0.48134606271293995]","[-0.46314591177931375, 0.16304169201015584, 0.3616805100929979, -1.107853910687568, -0.5443809232168207, -0.5436463640236457]","[-0.3206802349109431, 0.11288936545554064, 0.25042602771499295, -0.7670732771048666, -0.3769270070149918, -0.376418401392806]",True
3,17,2.784180537,"[-3.038052305117589, -0.3075663104320312, -0.7135536807593417, 1.921870454716369, 0.7137847206598251, 0.4385446850995953]","[-0.4874446135726369, 0.17159558691298113, 0.3806558840209334, -1.1659768717711376, -0.5729415763043142, -0.572168478857144]","[-0.31171522436865273, 0.10973340434148622, 0.24342505997793998, -0.7456287998116138, -0.36638954875070195, -0.36589516182445836]",True
3,18,2.857237658,"[-3.0745158674109643, -0.2947300082174876, -0.6850785080877109, 1.834648913822008, 0.6709255110669308, 0.39574330748625075]","[-0.509243249550044, 0.17926938128939152, 0.39767890328790634, -1.2181196274362889, -0.5985636562502579, -0.5977559857062547]","[-0.2829174062348028, 0.09959568127122308, 0.22093623024336995, -0.6767438660844329, -0.33254064190798605, -0.33209192892930434]",True
3,19,2.927444116,"[-3.11097942970434, -0.28189370600294394, -0.6566033354160802, 1.7474273729276466, 0.6280663014740365, 0.35294192987290607]","[-0.529920567547203, 0.18654843703995977, 0.41382626145379675, -1.267580168969908, -0.6228677409342791, -0.6220272757274312]","[-0.3063590104800064, 0.10784785131610423, 0.23924227843526738, -0.7328166333821748, -0.3600938639839855, -0.3596079721260473]",True
3,20,2.994911141,"[-3.147442991997715, -0.2690574037884004, -0.6281281627444495, 1.6602058320332855, 0.5852070918811423, 0.3101405522595615]","[-0.5542495175190849, 0.1951129802376031, 0.43282525682882234, -1.3257754842771803, -0.651463947679811, -0.6505848962447185]","[-0.4187943302715691, 0.1474285629541402, 0.3270454151580141, -1.0017640764278444, -0.4922501491489806, -0.4915859325003463]",True
3,21,3.059103701,"[-3.1839065542910907, -0.25622110157385675, -0.5996529900728188, 1.5729842911389242, 0.5423478822882479, 0.2673391746462168]","[-0.5766400899667161, 0.20299515456774703, 0.45031053189693593, -1.3793341633408565, -0.677781788754057, -0.6768672253983945]","[-0.2721324646459103, 0.09579904811497214, 0.2125140395776105, -0.6509460787962029, -0.31986403976271516, -0.31943243192904813]",True
3,22,3.121408367,"[-3.2203701165844656, -0.24338479935931312, -0.5711778174011881, 1.4857627502445632, 0.4994886726953537, 0.22453779703287213]","[-0.5941128613327978, 0.2091461107463043, 0.4639553913239459, -1.4211293678242476, -0.6983192547350937, -0.6973769791951903]","[-0.2888740948547774, 0.10169261998242377, 0.2255879352972496, -0.6909923795969004, -0.33954212366077213, -0.33908396324808954]",True
3,23,3.181880663,"[-3.2568336788778414, -0.2305484971447695, -0.5427026447295573, 1.3985412093502019, 0.45662946310245933, 0.18173641941952756]","[-0.6121150751440465, 0.21548344704802785, 0.4780137036364518, -1.4641910087986902, -0.7194790264728218, -0.7185081990417838]","[-0.3066456726746432, 0.10794876527876003, 0.2394661390504458, -0.7335023348538252, -0.36043080624375634, -0.359944459733612]",True
3,24,3.240574476,"[-3.2932972411712167, -0.2177121949302259, -0.5142274720579267, 1.3113196684558408, 0.4137702535095651, 0.13893504180618288]","[-0.6274940857686069, 0.22089733465860412, 0.4900235006916579, -1.5009778974003265, -0.737555489611183, -0.7365602707446417]","[-0.2148673191090958, 0.0756399449379781, 0.167794467361623, -0.5139667515135509, -0.2525546843248044, -0.2522139002207768]",True
3,25,3.29811179,"[-3.329760803464592, -0.20487589271568227, -0.48575229938629594, 1.2240981275614795, 0.37091104391667074, 0.0961336641928382]","[-0.6401067168925558, 0.22533737108524207, 0.4998729730555612, -1.531147553138073, -0.7523803549523678, -0.7513651321866079]","[-0.22359179388292447, 0.07871123001863967, 0.17460759559225617, -0.5348358626316588, -0.26280941725266715, -0.26245479594750515]",True
3,26,3.354515392,"[-3.3662243657579674, -0.19203959050113867, -0.45727712671466525, 1.1368765866671184, 0.3280518343237765, 0.053332286579493626]","[-0.652972861902097, 0.22986665224405545, 0.5099204198139776, -1.5619236189561483, -0.7675032000869104, -0.7664675713435587]","[-0.23267051731764152, 0.08190722158942883, 0.1816973641497761, -0.5565523433463255, -0.273480533458894, -0.2731115131067098]",True
3,27,3.40980762,"[-3.4026879280513427, -0.17920328828659507, -0.42880195404303456, 1.0496550457727574, 0.28519262473088225, 0.010530908966149055]","[-0.6660976164263293, 0.234486971954161, 0.5201698202522387, -1.5933182836971669, -0.7829300144086573, -0.7818735695275643]","[-0.24211787332951096, 0.08523298323391791, 0.18907500574068697, -0.5791506002610813, -0.28458493977426386, -0.2842009357160117]",True
3,28,3.464010372,"[-3.439151490344718, -0.16636698607205147, -0.4003267813714039, 0.9624335048783963, 0.242333415137988, -0.032270468647195516]","[-0.6794861785164968, 0.23920016009043985, 0.5306252336393085, -1.6253439811994803, -0.7986669076982704, -0.7975892282750685]","[-0.2519488298792982, 0.08869378413748559, 0.19675220916452207, -0.6026664370255981, -0.29614022951467195, -0.29574063335183975]",True
3,29,3.517145116,"[-3.4756150526380933, -0.1535306838575078, -0.3718516086997731, 0.8752119639840348, 0.19947420554509365, -0.07507184626054031]","[-0.6931438507046784, 0.2440080833082574, 0.5412908008354584, -1.6580133952215899, -0.8147201125430057, -0.8136207717633974]","[-0.26217896268733126, 0.09229510743551468, 0.2047411378329772, -0.6271371110612237, -0.30816471035535575, -0.30774888898584696]",True
3,30,3.569232896,"[-3.5120786149314687, -0.14069438164296422, -0.3433764360281424, 0.7879904230896737, 0.1566149959521994, -0.11787322387388488]","[-0.7106465993562096, 0.2501695924188757, 0.5549590701633571, -1.6998803059471599, -0.8352928137747767, -0.8341657132663198]","[-0.41331203730622335, 0.14549862619253912, 0.3227641757781966, -0.9886503264269058, -0.4858062712482671, -0.48515074963200744]",True
3,31,3.619788781,"[-3.548542177224844, -0.1278580794284206, -0.3149012633565117, 0.7007688821953129, 0.11375578635930517, -0.16067460148722945]","[-0.724858827802496, 0.2551727365991088, 0.5660577021565947, -1.7338762291829175, -0.8519978431095587, -0.8508482017067633]","[-0.14337418383955022, 0.05047214912026139, 0.11196395482805094, -0.34295379969595685, -0.1685217737627846, -0.16829437928056082]",True
3,32,3.669844114,"[-3.5850057395182193, -0.11502177721387702, -0.286426090684881, 0.6135473413009516, 0.07089657676641092, -0.20347597910057402]","[-0.7321074160805191, 0.25772446396509974, 0.5717182791781592, -1.7512149914747468, -0.8605178215406531, -0.859356683723832]","[-0.14625600493479995, 0.05148663931767295, 0.11421443032015312, -0.3498471710698467, -0.17190906141554932, -0.17167709630432174]",True
3,33,3.719403849,"[-3.6214693018115947, -0.10218547499933334, -0.2579509180132503, 0.5263258004065903, 0.02803736717351657, -0.24627735671391893]","[-0.7394284902413243, 0.26030170860475077, 0.5774354619699408, -1.768727141389494, -0.8691229997560608, -0.8679502505610692]","[-0.14919575063398857, 0.05252152076786702, 0.11651014036958798, -0.3568790992083534, -0.17536443354995906, -0.17512780593972116]",True
3,34,3.768472894,"[-3.65793286410497, -0.08934917278478977, -0.22947574534161963, 0.439104259512229, -0.014821842419377784, -0.2890787343272634]","[-0.7468227751437394, 0.26290472569079837, 0.5832098165896417, -1.7864144128033892, -0.8778142297536238, -0.87662975306668]","[-0.15219458522180992, 0.05357720333539791, 0.11885199419107847, -0.36405236910244276, -0.17888925866440314, -0.1786478748394793]",True
3,35,3.817056106,"[-3.6943964263983453, -0.07651287057024614, -0.20100057266998894, 0.35188271861786813, -0.05768105201227214, -0.33188011194060807]","[-0.7542910028951768, 0.2655337729477069, 0.5890419147555381, -1.8042785569314232, -0.8865923720511577, -0.885396050597349]","[-0.15525369638461275, 0.05465410512236014, 0.12124091927419599, -0.37136982172139965, -0.18248493276327757, -0.18223869712347357]",True
3,36,3.865158297,"[-3.7308599886917206, -0.06367656835570251, -0.17252539999835825, 0.26466117772350684, -0.10054026160516627, -0.37468148955395275]","[-0.7618339129241287, 0.26818911067718343, 0.5949323339030935, -1.8223213425007374, -0.8954582957716692, -0.8942500111033203]","[-0.1583742956821037, 0.05575265263535184, 0.12367786175173459, -0.37883435513800146, -0.18615287991220172, -0.18590169493574585]",True
3,37,3.912784228,"[-3.767323550985096, -0.05084026614115894, -0.14405022732672756, 0.17743963682914599, -0.14339947119806062, -0.4174828671672972]","[-0.7694522520533726, 0.2708710017839551, 0.6008816572421241, -1.8405445559257447, -0.9044128787293859, -0.9031925112143511]","[-0.1615576190252617, 0.056873280953309534, 0.12616378677279574, -0.3864489256762689, -0.18989455279804415, -0.18963831900385827]",True
3,38,3.959938616,"[-3.8037871132784717, -0.03800396392661526, -0.11557505465509677, 0.09021809593478425, -0.18625868079095498, -0.4602842447806419]","[-0.7771467745739016, 0.2735797118017947, 0.6068904738145453, -1.8589500014850022, -0.9134570075166775, -0.9122244363264971]","[-0.16480492716740522, 0.058016433900489314, 0.12869967888709635, -0.39421654908237147, -0.19371143330958587, -0.1934500492161383]",True
3,39,4.006626128,"[-3.8402506755718466, -0.025167661712071687, -0.08709988198346608, 0.0029965550404233987, -0.2291178903838491, -0.5030856223939866]","[-0.7849182423196427, 0.2763155089198127, 0.6129593785526911, -1.8775395014998524, -0.9225915775918466, -0.9213466806897643]","[-0.1681175062040291, 0.05918256422187473, 0.13128654243257315, -0.4021403017189175, -0.19760503311900698, -0.19733839520507301]",True
3,40,4.052851388,"[-3.8767142378652224, -0.01233135949752806, -0.05862470931183539, -0.0842249858539379, -0.27197709997674346, -0.5458870000073313]","[-0.792767424742839, 0.2790786640090109, 0.619088972338218, -1.8963148965148506, -0.9318174933677651, -0.9305601474966596]","[-0.17149666807807262, 0.06037213376274504, 0.1339254019356081, -0.4102233217834754, -0.2015768942846987, -0.20130489694880133]",True
3,41,4.098618971,"[-3.9131778001585973, 0.0005049427170155107, -0.0301495366402047, -0.17144652674829874, -0.3148363095696376, -0.5886883776206757]","[-0.8006950989902655, 0.28186945064910085, 0.6252798620615998, -1.9152780454799991, -0.9411356683014428, -0.9398657489716262]","[-0.1749437511070255, 0.06158561365136, 0.13661730251435658, -0.41846881055131635, -0.2056285898598231, -0.20535112537747413]",True
3,42,4.143933411,"[-3.949641362451973, 0.013341244931559193, -0.0016743639685738998, -0.2586680676426605, -0.35769551916253217, -0.6314897552340206]","[-0.7967509824492583, 0.28048099958437955, 0.6221998174231016, -1.905843643009776, -0.9364997603742399, -0.9352360964965207]","[0.3464146951096022, -0.12194869174345975, -0.2705226159710727, 0.8286305998518794, 0.4071752481093125, 0.4066258270898866]",True
3,43,4.190158671,"[-3.986104924745348, 0.02617754714610271, 0.026800808703056678, -0.3458896085370209, -0.4005547287554261, -0.6742911328473651]","[-0.7849182423196426, 0.2763155089198127, 0.612959378552691, -1.877539501499852, -0.9225915775918465, -0.9213466806897619]","[0.1681175062035559, -0.05918256422189504, -0.13128654243274282, 0.402140301718927, 0.19760503311900218, 0.19733839520537888]",True
3,44,4.236846183,"[-4.022568487038724, 0.03901384936064639, 0.05527598137468748, -0.4331111494313826, -0.44341393834832066, -0.7170925104607098]","[-0.7771467745739091, 0.2735797118017945, 0.6068904738145449, -1.858950001485002, -0.9134570075166798, -0.9122244363264946]","[0.16480492716755152, -0.05801643390047379, -0.12869967888694459, 0.39421654908236103, 0.193711433309486, 0.19345004921583495]",True
3,45,4.28400057,"[-4.0590320493320995, 0.05185015157519002, 0.08375115404631828, -0.5203326903257439, -0.486273147941215, -0.7598938880740544]","[-0.76945225205337, 0.27087100178395523, 0.6008816572421245, -1.8405445559257447, -0.9044128787293859, -0.9031925112143534]","[0.16155761902554322, -0.05687328095331436, -0.12616378677291085, 0.38644892567626987, 0.1898945527982414, 0.18963831900395714]",True
3,46,4.331626502,"[-4.095495611625474, 0.06468645378973359, 0.11222632671794885, -0.6075542312201048, -0.5291323575341091, -0.8026952656873989]","[-0.7618339129241194, 0.26818911067718343, 0.5949323339030935, -1.8223213425007374, -0.8954582957716692, -0.8942500111033203]","[0.1583742956821014, -0.05575265263535184, -0.12367786175163717, 0.37883435513800146, 0.18615287991200918, 0.18590169493574585]",True
3,47,4.379728692,"[-4.131959173918849, 0.07752275600427722, 0.14070149938957965, -0.6947757721144661, -0.5719915671270035, -0.8454966433007436]","[-0.7542910028951768, 0.2655337729477063, 0.5890419147555381, -1.8042785569314232, -0.8865923720511576, -0.8853960505973467]","[0.15525369638423153, -0.05465410512238425, -0.12124091927429244, 0.37136982172139965, 0.18248493276346817, 0.18223869712357002]",True
3,48,4.428311905,"[-4.168422736212225, 0.09035905821882079, 0.16917667206121023, -0.7819973130088269, -0.6148507767198976, -0.888298020914088]","[-0.7468227751437486, 0.2629047256907989, 0.5832098165896417, -1.7864144128033892, -0.8778142297536213, -0.8766297530666822]","[0.1521945852218122, -0.05357720333532856, -0.11885199419098298, 0.36405236910244276, 0.17888925866430766, 0.17864787483919736]",True
3,49,4.47738095,"[-4.204886298505601, 0.10319536043336447, 0.19765184473284103, -0.8692188539031882, -0.657709986312792, -0.931099398527433]","[-0.7394284902413224, 0.2603017086047512, 0.5774354619699416, -1.768727141389494, -0.8691229997560586, -0.8679502505610693]","[0.1491957506344317, -0.05252152076793893, -0.11651014036965071, 0.3568790992083524, 0.17536443355004863, 0.1751278059400854]",True
3,50,4.526940685,"[-4.241349860798976, 0.11603166264790815, 0.22612701740447183, -0.9564403947975499, -0.7005691959056863, -0.9739007761407776]","[-0.7321074160805119, 0.2577244639650993, 0.5717182791781605, -1.7512149914747468, -0.8605178215406541, -0.8593566837238309]","[0.1462560049345752, -0.05148663931763853, -0.1142144303200687, 0.3498471710698476, 0.1719090614153313, 0.17167709630401456]",True
3,51,4.576996017,"[-4.277813423092351, 0.1288679648624516, 0.2546021900761024, -1.0436619356919103, -0.7434284054985805, -1.016702153754122]","[-0.7248588278024959, 0.2551727365991082, 0.5660577021565947, -1.7338762291829175, -0.8519978431095586, -0.8508482017067632]","[0.14337418383949285, -0.05047214912029891, -0.11196395482819219, 0.34295379969596124, 0.1685217737630428, 0.16829437928081903]",True
3,52,4.627551903,"[-4.314276985385726, 0.1417042670769953, 0.2830773627477332, -1.130883476586272, -0.7862876150914748, -1.0595035313674668]","[-0.7176820077252486, 0.2526462738605041, 0.5604531704520732, -1.7167091378048687, -0.8435622209005531, -0.8424239620859042]","[0.14054914600485155, -0.049477648387691524, -0.10975782259391363, 0.3361962549710405, 0.16520122905861986, 0.1649783151460378]",True
3,53,4.678613348,"[-4.350740547679102, 0.15454056929153898, 0.311552535419364, -1.2181050174806334, -0.8291468246843694, -1.1023049089808117]","[-0.7070760421038461, 0.24891264578275463, 0.5521707459322529, -1.6913394644655437, -0.8310959868051233, -0.8299745492758437]","[0.2728244799102121, -0.0960426589007911, -0.21305444904092719, 0.6526013925901433, 0.3206774333363272, 0.32024472795181597]",True
3,54,4.730701127,"[-4.387204109972477, 0.16737687150608255, 0.3400277080909946, -1.3053265583749938, -0.8720060342772633, -1.145106286594156]","[-0.6931438507046801, 0.24400808330825696, 0.5412908008354588, -1.6580133952215896, -0.8147201125430046, -0.8136207717633952]","[0.2621789626871504, -0.09229510743560458, -0.20474113783304734, 0.627137111061242, 0.3081647103553987, 0.3077488889859321]",True
3,55,4.783835871,"[-4.423667672265853, 0.18021317372062612, 0.3685028807626254, -1.3925480992693555, -0.9148652438701577, -1.1879076642075006]","[-0.679486178516497, 0.2392001600904385, 0.5306252336393074, -1.6253439811994803, -0.7986669076982694, -0.7975892282750665]","[0.2519488298795361, -0.08869378413743077, -0.19675220916450345, 0.6026664370255774, 0.29614022951462854, 0.2957406333517529]",True
3,56,4.838038624,"[-4.460131234559228, 0.1930494759351697, 0.39697805343425596, -1.4797696401637164, -0.9577244534630518, -1.230709041820845]","[-0.6660976164263276, 0.23448697195416093, 0.5201698202522373, -1.593318283697167, -0.7829300144086575, -0.7818735695275645]","[0.24211787332934004, -0.08523298323392481, -0.18907500574071084, 0.579150600261084, 0.28458493977426313, 0.28420093571601096]",True
3,57,4.893330851,"[-4.496594796852603, 0.20588577814971337, 0.42545322610588676, -1.566991181058078, -1.0005836630559464, -1.27351041943419]","[-0.6529728619020955, 0.2298666522440564, 0.5099204198139764, -1.5619236189561483, -0.7675032000869104, -0.7664675713435627]","[0.23267051731780397, -0.08190722158938689, -0.18169736414975182, 0.5565523433463242, 0.2734805334588934, 0.273111513106572]",True
3,58,4.949734453,"[-4.533058359145978, 0.21872208036425705, 0.45392839877751734, -1.654212721952439, -1.0434428726488405, -1.3163117970475349]","[-0.6401067168925505, 0.22533737108524318, 0.4998729730555602, -1.531147553138073, -0.7523803549523678, -0.7513651321866118]","[0.22359179388289804, -0.07871123001867407, -0.1746075955922715, 0.5348358626316687, 0.2628094172526721, 0.2624547959476484]",True
3,59,5.007271767,"[-4.569521921439353, 0.23155838257880063, 0.4824035714491479, -1.7414342628467998, -1.0863020822417346, -1.3591131746608793]","[-0.6213735410116961, 0.21874271351694882, 0.4852438368893327, -1.486337436862888, -0.7303614116314034, -0.7293759000780476]","[0.42122546574358005, -0.14828439786674633, -0.32894394064511345, 1.0075793991413688, 0.49510770168099655, 0.4944396292003075]",True
3,60,5.067145326,"[-4.605985483732729, 0.2443946847933442, 0.5108787441207787, -1.8286558037411615, -1.1291612918346292, -1.4019145522742238]","[-0.6000539899461322, 0.21123757185376618, 0.46859494523718387, -1.4353406615024902, -0.7053024472824447, -0.7043507489871386]","[0.29468046416104776, -0.10373664164404395, -0.23012225279669615, 0.704881326426802, 0.3463669203463581, 0.3458995509093187]",True
3,61,5.128833115,"[-4.642449046026105, 0.25723098700788777, 0.5393539167924093, -1.9158773446355224, -1.1720205014275233, -1.4447159298875683]","[-0.5824064908663855, 0.20502510611342517, 0.45481363721590684, -1.3931275049742644, -0.6845596066416009, -0.6836358976523806]","[0.27760232718572886, -0.09772460898204938, -0.2167855717730513, 0.6640300949800239, 0.32629330696184244, 0.32585302381068987]",True
3,62,5.192390105,"[-4.67891260831948, 0.27006728922243145, 0.5678290894640401, -2.0030988855298832, -1.214879711020418, -1.4875173075009132]","[-0.5652780021240227, 0.19899534807151026, 0.4414376354248967, -1.352155831135042, -0.6644268098755585, -0.6635302670310725]","[0.2615139496204472, -0.09206100225867464, -0.20422181496077751, 0.6255463870413067, 0.3073830551190467, 0.3069682884742382]",True
3,63,5.257872935,"[-4.715376170612855, 0.28290359143697513, 0.5963042621356709, -2.090320426424245, -1.257738920613312, -1.530318685114258]","[-0.5486532597017986, 0.19314292432163938, 0.4284550198678784, -1.3123891281625872, -0.6448861156842076, -0.6440159400321547]","[0.24635797019269937, -0.08672562853048182, -0.19238618771869578, 0.5892929933427841, 0.2895687424724968, 0.2891780135312116]",True
3,64,5.32533996,"[-4.75183973290623, 0.2957398936515187, 0.6247794348073015, -2.177541967318606, -1.3005981302062062, -1.5731200627276025]","[-0.5299205675472024, 0.18654843703995877, 0.41382626145379625, -1.267580168969908, -0.62286774093428, -0.6220272757274281]","[0.3063590104800624, -0.10784785131614683, -0.2392422784352646, 0.7328166333821674, 0.3600938639839592, 0.35960797212613543]",True
3,65,5.395546418,"[-4.788303295199606, 0.3085761958660623, 0.6532546074789323, -2.2647635082129676, -1.3434573397991008, -1.615921440340947]","[-0.5087062121296722, 0.17908032749994174, 0.3972595193244549, -1.216835023618763, -0.5979324233725265, -0.5971256045812057]","[0.2975845208495996, -0.10475895945820385, -0.2323900925372011, 0.7118278857665347, 0.3497803436776933, 0.3493083683454755]",True
3,66,5.468761095,"[-4.824766857492981, 0.32141249808060585, 0.6817297801505628, -2.3519850491073275, -1.386316549391995, -1.6587228179542914]","[-0.4874910914099245, 0.17161194854986445, 0.3806921795543071, -1.1660880476500313, -0.5729962062758356, -0.5722230351138375]","[0.2818297321323199, -0.09921278633143572, -0.22008684236340556, 0.6741421287544961, 0.3312621916035239, 0.3308152036988069]",True
3,67,5.545213285,"[-4.861230419786357, 0.33424880029514953, 0.7102049528221936, -2.4392065900016893, -1.429175758984889, -1.7015241955676363]","[-0.46439200014948645, 0.16348035367400798, 0.36265360704988164, -1.110834577986687, -0.5458455733845374, -0.5451090378689016]","[0.3195350195905321, -0.11248621422645655, -0.24953170467171581, 0.764333900076659, 0.3755809228595181, 0.3750741335731501]",True
3,68,5.625913798,"[-4.897693982079732, 0.3470851025096932, 0.7386801254938244, -2.526428130896051, -1.4720349685777836, -1.7443255731809808]","[-0.4376417055113348, 0.15406342223048228, 0.34176373203685273, -1.0468473597619383, -0.5144033222039255, -0.5137092132202863]","[0.340415224990572, -0.11983669262088283, -0.26583750193338695, 0.8142797521729904, 0.4001234810549948, 0.3995835753218668]",True
3,69,5.712025409,"[-4.934157544373107, 0.35992140472423667, 0.767155298165455, -2.613649671790412, -1.5148941781706777, -1.7871269507943253]","[-0.409184588234469, 0.14404563640413715, 0.3195409628604312, -0.9787773890242915, -0.4809548745737644, -0.48030589917886646]","[0.3196725392492699, -0.11253462540160553, -0.24963909670323786, 0.7646628497402663, 0.3757425632345898, 0.3752355558389412]",True
3,70,5.804356033,"[-4.970621106666483, 0.37275770693878035, 0.7956304708370858, -2.7008712126847727, -1.5577533877635719, -1.8299283284076702]","[-0.37854671258744166, 0.13326015615257675, 0.295615193010474, -0.9054910024073574, -0.44494316723503147, -0.4443427841576808]","[0.33940160040084444, -0.119479865400735, -0.26504594089522104, 0.811855142697903, 0.39893206842219375, 0.39839377031917894]",True
3,71,5.905036933,"[-5.007084668959858, 0.38559400915332404, 0.8241056435087166, -2.7880927535791344, -1.6006125973564664, -1.872729706021015]","[-0.3401113056244388, 0.11972970359979154, 0.26560016482507215, -0.8135527712152932, -0.3997662547446516, -0.3992268310341202]","[0.40976363440137664, -0.14424947857225287, -0.3199931523491013, 0.9801624785699634, 0.4816354844613476, 0.4809855906870031]",True
3,72,6.019683115,"[-5.043548231253233, 0.3984303113678676, 0.8525808161803472, -2.8753142944734953, -1.6434718069493606, -1.9155310836343595]","[-0.2941010008217396, 0.10353265261834965, 0.22966973752918063, -0.7034952389966096, -0.3456858201149736, -0.34521936971914513]","[0.38381248376710425, -0.13511387054591117, -0.29972734591492295, 0.9180868281414644, 0.45113254579448053, 0.45052381109287504]",True
3,73,6.15465886,"[-5.080011793546609, 0.4112666135824112, 0.881055988851978, -2.962535835367856, -1.6863310165422547, -1.958332461247704]","[-0.23959851576354188, 0.08434609141454161, 0.18710758574108732, -0.5731242486062432, -0.28162369114225383, -0.28124368283828494]","[0.39496107321247415, -0.1390385190000159, -0.3084335169397658, 0.9447544680828059, 0.4642365790169397, 0.46361016241712516]",True
3,74,6.329085577,"[-5.1164753558399845, 0.42410291579695475, 0.9095311615236086, -3.049757376262217, -1.7291902261351488, -2.0011338388610485]","[-0.1474807904544048, 0.051917801718907926, 0.1151708914271577, -0.35277688154150905, -0.17334867224860803, -0.17311476460160125]","[0.41123766961571845, -0.14476838457856436, -0.32114425785309564, 0.983688399095454, 0.48336806296500934, 0.48271583133969737]",True
3,75,6.753507143,"[-5.152938918133359, 0.43693921801149843, 0.9380063341952394, -3.1369789171565787, -1.7720494357280434, -2.0439352164743934]","[0.0, 0.0, 0.0, 0.0, 0.0, 0.0]","[0.4048500556872274, -0.14251974682463484, -0.31615603404464176, 0.9684091039734742, 0.4758600723316204, 0.47521797159684276]",True
4,0,0.0,"[-5.152938918133359, 0.43693921801149843, 0.9380063341952394, -3.1369789171565787, -1.7720494357280434, -2.0439352164743934]","[0.0, 0.0, 0.0, 0.0, 0.0, 0.0]","[1.0048188698437703, 0.0, 0.0, 0.0, 0.0, 0.0]",True
4,1,0.378864898,"[-5.08082376580259, 0.42095924030243764, 0.8702482482653672, -3.1319077488261406, -1.756083966138577, -2.1143545409090776]","[0.3221203510129943, -0.07137856417764497, -0.3026584250087817, 0.022651640741937606, 0.07131376003558512, -0.3145455118912646]","[0.9802039366764844, -0.21720313349099774, -0.9209817968003668, 0.06892835971898283, 0.21700593615478164, -0.9571538962072594]",True
4,2,0.53774545,"[-5.00870861347182, 0.4049792625933769, 0.802490162335495, -3.1268365804957026, -1.7401184965491108, -2.184773865343762]","[0.5238956413271828, -0.11608989788835969, -0.4922428191028996, 0.03684056538586011, 0.11598450061228496, -0.5115759440862359]","[0.9989052632794387, -0.2213471555527618, -0.9385532232484044, 0.07024344499775136, 0.22114619588542195, -0.9754154507190737]",True
4,3,0.659172715,"[-4.936593461141052, 0.3889992848843161, 0.7347320764056228, -3.1217654121652645, -1.7241530269596443, -2.255193189778446]","[0.6451427529238358, -0.1429570135773859, -0.6061644006400644, 0.045366714088505136, 0.14282722381875101, -0.6299718624520644]","[0.9111242881438462, -0.20189579227317622, -0.856075815047525, 0.06407064931285267, 0.20171249237416955, -0.8896986940113842]",True
4,4,0.762728468,"[-4.864478308810282, 0.37301930717525533, 0.6669739904757506, -3.1166942438348264, -1.7081875573701781, -2.3256125142131303]","[0.7444729899656615, -0.16496757477655832, -0.699493285338859, 0.052351658806239196, 0.16481780177013478, -0.7269662937518769]","[0.988625511510553, -0.21906926805182417, -0.928894555393115, 0.06952056846028953, 0.21887037646399712, -0.9653774330275774]",True
4,5,0.853719036,"[-4.792363156479513, 0.35703932946619454, 0.5992159045458783, -3.1116230755043883, -1.6922220877807117, -2.396031838647815]","[0.8296817829907562, -0.18384896889622368, -0.7795539179961042, 0.058343577545892825, 0.18368205359279818, -0.8101713546411656]","[0.8525425539460753, -0.18891468114213011, -0.8010334827303883, 0.05995115672906193, 0.18874316671095195, -0.8324945418590409]",True
4,6,0.936915335,"[-4.720248004148743, 0.3410593517571338, 0.5314578186160062, -3.1065519071739502, -1.6762566181912453, -2.4664511630824992]","[0.898070933783627, -0.1990033029008053, -0.8438111206272574, 0.0631527318558729, 0.1988226290744246, -0.8769522965354133]","[0.7777287523805109, -0.17233671045629043, -0.7307397950466318, 0.05469021823117045, 0.17218024705865487, -0.7594400284267006]",True
4,7,1.014514026,"[-4.648132851817975, 0.325079374048073, 0.46369973268613385, -3.101480738843512, -1.660291148601779, -2.5368704875171835]","[0.9579210594918073, -0.21226547657430053, -0.9000452105456708, 0.0673614182727296, 0.2120727621052328, -0.9353950132667032]","[0.7587623693645633, -0.16813395461336433, -0.7129193264119291, 0.05335649407215101, 0.1679813068709699, -0.7409196504505547]",True
4,8,1.087615502,"[-4.576017699487205, 0.30909939633901223, 0.39594164675626164, -3.096409570513074, -1.6443256790123126, -2.6072898119518677]","[1.0168525073356127, -0.22532408066054277, -0.9554161274461427, 0.07150550286956445, 0.2251195103683153, -0.9929406553542892]","[0.8549924297222333, -0.18945754847343876, -0.8033353414659719, 0.06012343304060009, 0.18928554117643911, -0.8348868074444866]",True
4,9,1.1564804,"[-4.503902547156436, 0.2931194186299515, 0.32818356082638944, -3.091338402182636, -1.6283602094228464, -2.677709136386552]","[1.0471975511965976, -0.2320482309785629, -0.9839277789233195, 0.07363937932187728, 0.2318375558732524, -1.0225721186399832]","[0.0, -1.2091316406054575e-14, -2.2570457291301873e-14, 0.0, 4.715613398361284e-14, 0.0]",True
4,10,1.225345298,"[-4.431787394825666, 0.2771394409208907, 0.26042547489651713, -3.086267233852198, -1.61239473983338, -2.748128460821236]","[1.0471975511965976, -0.2320482309785633, -0.9839277789233187, 0.07363937932187728, 0.23183755587325403, -1.0225721186399832]","[0.0, 0.0, 4.675309010341103e-14, 0.0, 0.0, 0.0]",True
4,11,1.2942101959999999,"[-4.359672242494897, 0.2611594632118299, 0.19266738896664504, -3.08119606552176, -1.5964292702439136, -2.8185477852559204]","[1.0471975511965976, -0.23204823097856453, -0.983927778923324, 0.07363937932187772, 0.23183755587325383, -1.0225721186399894]","[0.0, -3.5467861457760307e-14, -1.9990976458010357e-13, 1.3098926106559205e-14, -5.642614322825504e-15, -1.8056365833041612e-13]",True
4,12,1.363075094,"[-4.287557090164128, 0.24517948550276916, 0.12490930303677283, -3.0761248971913218, -1.5804638006544474, -2.8889671096906047]","[1.0471975511965976, -0.23204823097856453, -0.9839277789233256, 0.07363937932187772, 0.23183755587325383, -1.0225721186399928]","[0.0, 3.5467861457760307e-14, 1.5315667447669224e-13, -1.3098926106559205e-14, 5.642614322825504e-15, 8.705747812359349e-14]",True
4,13,1.4319399910000001,"[-4.215441937833359, 0.22919950779370837, 0.05715121710690052, -3.0710537288608837, -1.564498331064981, -2.9593864341252893]","[1.0471975511965976, -0.2320482309785633, -0.9839277789233195, 0.07363937932187728, 0.2318375558732524, -1.0225721186399865]","[0.0, 0.0, 2.2570457291301873e-14, 0.0, -4.715613398361284e-14, 9.350618020682205e-14]",True
4,14,1.5008048889999999,"[-4.143326785502589, 0.21321953008464758, -0.010606868822971682, -3.0659825605304456, -1.5485328614755147, -3.0298057585599736]","[1.0471975511965976, -0.2320482309785629, -0.9839277789233178, 0.07363937932187728, 0.2318375558732524, -1.0225721186399799]","[0.0, 1.2091316406054575e-14, 2.418263281210915e-14, 0.0, 4.715613398361284e-14, 9.350618020682205e-14]",True
4,15,1.569669787,"[-4.07121163317182, 0.19723955237558685, -0.07836495475284377, -3.0609113922000075, -1.5325673918860483, -3.1002250829946574]","[1.0471975511965976, -0.2320482309785638, -0.9839277789233218, 0.0736393793218775, 0.23183755587325475, -1.0225721186399863]","[0.0, -3.8692212499374755e-14, -1.3703491926861893e-13, 6.650224023330036e-15, 2.095828177049466e-14, -2.772941895788524e-13]",True
4,16,1.638534685,"[-3.9990964808410507, 0.18125957466652604, -0.1461230406827161, -3.0558402238695694, -1.5166019222965819, -3.170644407429342]","[1.0119688070213821, -0.22424190278756206, -0.950827491426502, 0.0711620789764102, 0.22403831499770607, -0.9881717979678206]","[-0.9875091440570202, 0.21882189248031803, 0.9278456368316026, -0.06944206502387587, -0.21862322548320579, 0.9642873175753519]",True
4,17,1.7123671759999999,"[-3.9269813285102817, 0.16527959695746525, -0.2138811266125884, -3.0507690555391314, -1.5006364527071157, -3.2410637318640263]","[0.9484366925661458, -0.21016383819237583, -0.8911338718273936, 0.06669447353735586, 0.20997303178735852, -0.9261336765016837]","[-0.7438117531267286, 0.16482105147870596, 0.69887199922774, -0.052305160349150406, -0.16467141149979997, 0.7263206062648699]",True
4,18,1.790741854,"[-3.854866176179512, 0.1492996192484045, -0.2816392125424605, -3.0456978872086933, -1.4846709831176492, -3.3114830562987105]","[0.8849305039321358, -0.19609151849312256, -0.8314646116585269, 0.06222869121312961, 0.19591348825718927, -0.8641208711966808]","[-0.8625857251924121, 0.19114014482705166, 0.8104698638281652, -0.06065739682307131, -0.1909666099116549, 0.8423015423504833]",True
4,19,1.8756103990000002,"[-3.7827510238487427, 0.13331964153934373, -0.3493972984723328, -3.040626718878255, -1.468705513528183, -3.381902380733395]","[0.811763069475891, -0.17987836586360145, -0.7627178205761884, 0.057083525953933484, 0.17971505544528166, -0.7926740096356664]","[-0.852826760480239, 0.18897765839357422, 0.8013005180224658, -0.05997114225400042, -0.18880608678571467, 0.832772065118731]",True
4,20,1.9688066979999999,"[-3.7106358715179732, 0.11733966383028294, -0.4171553844022051, -3.035555550547817, -1.4527400439387166, -3.452321705168079]","[0.7753691580284734, -0.17181384856205412, -0.7285227630955169, 0.05452429054794874, 0.17165785986743365, -0.7571359212474225]","[0.033775729749297136, -0.0074843551051047, -0.03173506156105907, 0.002375123750095835, 0.007477560106962509, -0.03298147468841591]",True
4,21,2.061626176,"[-3.6385207191872047, 0.1013596861212222, -0.4849134703320772, -3.030484382217379, -1.4367745743492502, -3.5227410296027637]","[0.733217270949615, -0.16247342294906397, -0.6889176164032451, 0.051560151834879636, 0.1623259143671386, -0.7159752592255827]","[-0.8859210184379674, 0.19631100634294674, 0.8323952810787276, -0.06229834461648462, -0.1961327768354265, 0.8650880932034609]",True
4,22,2.166217487,"[-3.566405566856435, 0.08537970841216141, -0.5526715562619493, -3.025413213886941, -1.420809104759784, -3.5931603540374475]","[0.6387552009146886, -0.1415415976013713, -0.6001627729109511, 0.044917538701489956, 0.1414130928898516, -0.6237345172792674]","[-0.8931715401861027, 0.19791764755728855, 0.8392077394839401, -0.06280820440433005, -0.1977379593904354, 0.8721681149018472]",True
4,23,2.288859024,"[-3.4942904145256657, 0.06939973070310063, -0.6204296421918216, -3.020342045556503, -1.4048436351703175, -3.663579678472132]","[0.5232250397281891, -0.11594129945575171, -0.49161273403338246, 0.03679340839483584, 0.1158360370912439, -0.5109211120566288]","[-0.9257497525807967, 0.20513664510555168, 0.8698176355118722, -0.06509911822228182, -0.20495040285700541, 0.9039802325218703]",True
4,24,2.446166502,"[-3.422175262194896, 0.05341975299403989, -0.6881877281216937, -3.015270877226065, -1.3888781655808513, -3.733999002906816]","[0.31961765328155606, -0.07082399204310307, -0.30030693572445677, 0.02247564996793059, 0.07075969139353849, -0.31210166648823795]","[-0.9983717976487735, 0.2212289450434272, 0.9380519886412645, -0.07020593146662155, -0.22102809269864182, 0.9748945298291993]",True
4,25,2.8450314,"[-3.350060109864127, 0.03743977528497909, -0.755945814051566, -3.0101997088956267, -1.3729126959913849, -3.8044183273415006]","[0.09165087154891446, 0.006365961873407568, 0.026208905474978964, -0.0019925330299950354, -0.006674682540848201, 0.030350559643655198]","[-0.434634243093872, 0.22635866552735273, 0.9559809115002089, -0.07169890374575032, -0.2276864422329275, 1.0087009703673468]",True
4,26,3.266627196,"[-3.349005785889159, 0.059698160937583206, -0.6622271360898306, -3.0172399649666444, -1.3954160573927867, -3.7043945416698083]","[0.004087443178238304, 0.08629215379178151, 0.3633321256112911, -0.02729393178353566, -0.08724188506701608, 0.3877760063433914]","[0.010448634202762022, 0.22058658927388455, 0.9287773087181711, -0.06977083147712586, -0.22301436484240525, 0.9912626221838902]",True
4,27,3.452440854,"[-3.3479514619141906, 0.08195654659018733, -0.5685084581280951, -3.0242802210376625, -1.4179194187941886, -3.604370755998116]","[0.006469825883420389, 0.1365878828874258, 0.575101717150105, -0.043202309760194624, -0.1380911688583521, 0.6137928121343188]","[0.009618251005805344, 0.20305593467849045, 0.8549646882466595, -0.06422594159288626, -0.20529076789693976, 0.9124841130277529]",True
4,28,3.597553433,"[-3.3468971379392225, 0.10421493224279145, -0.47478978016635975, -3.03132047710868, -1.4404227801955902, -3.504346970326424]","[0.007892498933125828, 0.16662267878482115, 0.7015628814181044, -0.05270221947775533, -0.16845652766043376, 0.7487618990403418]","[0.009327118283155121, 0.1969096792848838, 0.8290859502782333, -0.06228190070313361, -0.1990768668285565, 0.8848643322508482]",True
4,29,3.721308526,"[-3.345842813964254, 0.12647331789539557, -0.3810711022046243, -3.038360733179698, -1.462926141596992, -3.4043231846547317]","[0.009059678137152243, 0.19126361028759398, 0.8053132414050324, -0.06049606716803606, -0.19336865720695484, 0.8594922678034455]","[0.009251403293404584, 0.19531122048067945, 0.8223556577833308, -0.06177631330446881, -0.19746081538987878, 0.8776812461397194]",True
4,30,3.8311348880000002,"[-3.344788489989286, 0.1487317035479997, -0.2873524242428888, -3.0454009892507155, -1.485429502998394, -3.3042993989830394]","[0.010049602626183334, 0.21216242466248128, 0.8933074600672015, -0.06710629519967709, -0.2144974838918262, 0.9534064699586045]","[0.008555456323613762, 0.1806187194887343, 0.7604930505660883, -0.057129122312253575, -0.1826066087608594, 0.8116567107966364]",True
4,31,3.931553504,"[-3.343734166014318, 0.17099008920060382, -0.19363374628115348, -3.0524412453217336, -1.5079328643997958, -3.2042756133113475]","[0.010934256266208683, 0.2308388110068279, 0.9719441709505892, -0.07301357636541941, -0.23337942250761562, 1.037333619662298]","[0.00900771993538389, 0.19016669347521253, 0.8006946857247401, -0.060149115894510705, -0.19225966773028977, 0.8545629897393181]",True
4,32,4.024288411,"[-3.3426798420393493, 0.19324847485320795, -0.09991506831941799, -3.059481501392751, -1.5304362258011976, -3.104251827639655]","[0.011840232718919728, 0.2499653544179563, 1.0524762630099707, -0.07906324076917992, -0.25271647261798047, 1.1232836660247703]","[0.010562260035573154, 0.22298540374478482, 0.9388774895847157, -0.07052956880899994, -0.22543958066067105, 1.0020423125104512]",True
4,33,4.109927542,"[-3.3416255180643812, 0.21550686050581203, -0.006196390357682602, -3.066521757463769, -1.5529395872025995, -3.004228041967963]","[0.01262523947086357, 0.26653804311659457, 1.1222553790406098, -0.08430512910936255, -0.2694715602959026, 1.1977573088247517]","[0.007515439916604638, 0.158662388395733, 0.6680461698694404, -0.050184405130678296, -0.16040862633094277, 0.7129902850432509]",True
4,34,4.191410236,"[-3.3405711940894127, 0.23776524615841615, 0.0875222876040529, -3.0735620135347865, -1.5754429486040014, -2.9042042562962704]","[0.012875182346424915, 0.271814718073677, 1.1444727585365793, -0.08597412449300115, -0.2748063103272025, 1.221469406063242]","[-0.0015644290910916498, -0.03302748193243351, -0.1390618345563003, 0.010446486722480174, 0.03339098233377994, -0.148417491980105]",True
4,35,4.273707757,"[-3.3395168701144446, 0.2600236318110203, 0.1812409655657884, -3.0806022696058046, -1.597946310005403, -2.804180470624578]","[0.012439893795471786, 0.2626251134860448, 1.105780033628956, -0.08306748200337566, -0.26551556496951856, 1.1801735522656243]","[-0.00875250020987218, -0.18477861617604996, -0.7780082479428311, 0.058444884307092486, 0.1868122892629178, -0.8303502773995125]",True
4,36,4.361068235,"[-3.3384625461394766, 0.2822820174636244, 0.2749596435275239, -3.0876425256768223, -1.6204496714068048, -2.7041566849528857]","[0.011718942677094977, 0.24740473681762415, 1.0416948119193943, -0.07825332562584217, -0.25012767286536536, 1.111776871684862]","[-0.007767399530330559, -0.16398163977099448, -0.6904428168867675, 0.05186686729898165, 0.16578642137640595, -0.7368937103769164]",True
4,37,4.453803142,"[-3.337408222164508, 0.30454040311622854, 0.36867832148925905, -3.09468278174784, -1.6429530328082067, -2.604132899281194]","[0.01097041792435089, 0.23160223871204655, 0.9751585745631923, -0.07325504610272805, -0.23415125249665925, 1.0407642785768487]","[-0.008288330416908775, -0.17497928456027295, -0.7367482743637092, 0.05534538711178418, 0.17690510622264655, -0.7863144582452687]",True
4,38,4.553534766,"[-3.33635389818954, 0.32679878876883267, 0.46239699945099466, -3.101723037818858, -1.6654563942096086, -2.5041091136095015]","[0.010085764284325525, 0.21292585236769965, 0.8965218636798047, -0.06734776493698563, -0.21526931388086956, 0.9568371288731565]","[-0.009273749916273706, -0.19578299173977887, -0.8243420452686432, 0.0619255330423149, 0.19793777896253043, -0.879801271735592]",True
4,39,4.663361128,"[-3.335299574214572, 0.3490571744214368, 0.55611567741273, -3.1087632938898757, -1.6879597556110104, -2.404085327937809]","[0.009041490542498858, 0.19087964245085737, 0.8036965492243677, -0.060374619371423514, -0.19298046342095992, 0.8577668094882742]","[-0.009541183418028414, -0.20142892046803593, -0.8481141635406484, 0.06371132221072412, 0.20364584677130265, -0.9051727058479638]",True
4,40,4.7876468800000005,"[-3.3342452502396034, 0.37131556007404093, 0.6498343553744657, -3.1158035499608934, -1.710463117012412, -2.304061542266117]","[0.007874311338472446, 0.16623871094808443, 0.6999461892374397, -0.05258077168114281, -0.16806833387443965, 0.7470364407251708]","[-0.009038698164406857, -0.1908206910938903, -0.803448335210783, 0.06035597324608097, 0.19292086324545848, -0.8575018963905258]",True
4,41,4.932759459,"[-3.3331909262646353, 0.393573945726645, 0.7435530333362008, -3.122843806031911, -1.732966478413814, -2.204037756594425]","[0.006428456291163976, 0.13571450775739338, 0.5714243811640733, -0.04292606400466444, -0.137208181363354, 0.6098680761637606]","[-0.01003491849946879, -0.21185242037268776, -0.8920021905541513, 0.06700824183598433, 0.21418406769543022, -0.9520133858812732]",True
4,42,5.121322732,"[-3.332136602289667, 0.41583233137924913, 0.8372717112979364, -3.129884062102929, -1.7554698398152158, -2.1040139709227326]","[0.003963008373712162, 0.08366514545894649, 0.35227113710159874, -0.026463017464208448, -0.08458596388562688, 0.3759708681567188]","[-0.01017463001183675, -0.21480194328571198, -0.9044211230113824, 0.0679411664837814, 0.21716605305184264, -0.9652678263555646]",True
4,43,5.572918528,"[-3.3310822783146987, 0.43809071703185326, 0.9309903892596718, -3.136924318173947, -1.7779732012166176, -2.0039901852510402]","[0.0, 0.0, 0.0, 0.0, 0.0, 0.0]","[-0.010339613314264523, -0.21828499219575176, -0.9190864605708797, 0.0690428436951081, 0.22068743639134883, -0.9809198032374136]",True
5,0,0.0,"[-3.3310822783146987, 0.43809071703185326, 0.9309903892596718, -3.136924318173947, -1.7779732012166176, -2.0039901852510402]","[0.0, 0.0, 0.0, 0.0, 0.0, 0.0]","[1.0074627840434796, 0.0, 0.0, 0.0, 0.0, 0.0]",True
5,1,0.379150084,"[-3.258668479793374, 0.4285684093242187, 0.9107494872044954, -3.0687320518667565, -1.7393236278571078, -1.960423985879625]","[0.3244966291608884, -0.042670828157843746, -0.09070238852538938, 0.3055793371343239, 0.1731942879639741, 0.1952263951077266]","[0.9939874248446248, -0.13070788040628073, -0.2778365797843414, 0.9360405967523189, 0.5305230588566642, 0.5980110863913337]",True
5,2,0.53725762,"[-3.18625468127205, 0.4190461016165842, 0.8905085851493191, -3.0005397855595666, -1.7006740544975978, -1.9168577865082101]","[0.522463160173334, -0.06870313501933727, -0.14603743856072135, 0.4920049449380063, 0.27885539288225847, 0.31432868686798876]","[0.915990705161423, -0.12045142679970931, -0.25603515524964526, 0.8625908787657984, 0.48889370090616835, 0.5510860429683693]",True
5,3,0.660636352,"[-3.113840882750725, 0.4095237939089496, 0.8702676830941427, -2.9323475192523762, -1.662024481138088, -1.873291587136795]","[0.639591234445505, -0.08410530404232894, -0.17877674968187865, 0.6023047634244532, 0.3413704133822154, 0.3847962654224907]","[0.9240725781408962, -0.12151418117713997, -0.25829417773902436, 0.8702016000058191, 0.4932072564575089, 0.5559483274598382]",True
5,4,0.765241327,"[-3.041427084229401, 0.40000148620131504, 0.8500267810389663, -2.8641552529451864, -1.6233749077785782, -1.82972538776538]","[0.7345997350015743, -0.09659878174422606, -0.20533325953819087, 0.6917745206207754, 0.3920795059446993, 0.4419560797358637]","[0.8561827202684058, -0.1125867649927749, -0.2393177948976539, 0.8062695406175189, 0.4569722557284953, 0.5151038593644445]",True
5,5,0.858445192,"[-2.969013285708076, 0.3904791784936805, 0.82978587898379, -2.795962986637996, -1.5847253344190682, -1.786159188393965]","[0.8133337741307289, -0.10695219177052061, -0.22734077753840182, 0.7659185742869419, 0.43410239499831904, 0.4893247154939718]","[0.8158978081185303, -0.10728935845842084, -0.2280574691341352, 0.7683331319000887, 0.43547090240618175, 0.49086731121731547]",True
5,6,0.943665198,"[-2.896599487186752, 0.38095687078604595, 0.8095449769286135, -2.727770720330806, -1.5460757610595584, -1.7425929890225498]","[0.8895311705435667, -0.11697203702073217, -0.2486392602743615, 0.8376738647730309, 0.47477139624667064, 0.5351672348962202]","[0.9759341035992681, -0.128333895288057, -0.2727903660162162, 0.9190397362087347, 0.5208874206481475, 0.5871496952095795]",True
5,7,1.021585244,"[-2.8241856886654273, 0.3714345630784114, 0.7893040748734371, -2.659578454023616, -1.5074261877000483, -1.6990267896511348]","[0.9579210594918073, -0.1259652065540816, -0.267755410400888, 0.9020768047528256, 0.511273279643595, 0.5763125358989096]","[0.7556331109114225, -0.09936463965575354, -0.21121244983584006, 0.7115817065532554, 0.40330569517694287, 0.45461035650438186]",True
5,8,1.094989451,"[-2.751771890144103, 0.36191225537077687, 0.7690631728182608, -2.5913861877164255, -1.4687766143405385, -1.6554605902797197]","[1.016852507335613, -0.1337146050317748, -0.2842277635729832, 0.9575727056348848, 0.5427268888055362, 0.6117673699006546]","[0.8514663029714716, -0.1119665630741446, -0.23799947515046702, 0.8018280779279687, 0.45445495212014525, 0.5122663286661593]",True
5,9,1.164139535,"[-2.6793580916227784, 0.3523899476631423, 0.7488222707630844, -2.5231939214092356, -1.4301270409810285, -1.6118943909083048]","[1.0471975511965976, -0.13770493354576513, -0.29270972520449945, 0.9861487139969106, 0.5589230147200925, 0.6300238107693475]","[0.0, -1.2442831528214333e-14, -2.6491189705230517e-14, 8.990949233290356e-14, 4.816579946405548e-15, 1.0275370552331836e-13]",True
5,10,1.233289619,"[-2.606944293101454, 0.34286763995550773, 0.728581368707908, -2.4550016551020457, -1.3914774676215187, -1.5683281915368896]","[1.0471975511965976, -0.1377049335457647, -0.29270972520449945, 0.9861487139969138, 0.5589230147200909, 0.6300238107693492]","[0.0, 2.4082899732027742e-14, 2.6491189705230517e-14, 3.2110532976036987e-15, -5.137685276165918e-14, -5.619343270806473e-14]",True
5,11,1.3024397030000001,"[-2.5345304945801295, 0.3333453322478732, 0.7083404666527316, -2.3868093887948554, -1.352827894262009, -1.5247619921654745]","[1.0471975511965976, -0.1377049335457647, -0.29270972520449945, 0.9861487139969171, 0.5589230147200925, 0.6300238107693475]","[0.0, -2.4082899732027742e-14, -2.6491189705230517e-14, 8.990949233290356e-14, 9.793712557691282e-14, 9.633159892811096e-15]",True
5,12,1.371589787,"[-2.4621166960588052, 0.32382302454023865, 0.6880995645975553, -2.318617122487665, -1.3141783209024989, -1.4811957927940596]","[1.0471975511965976, -0.13770493354576513, -0.29270972520449945, 0.9861487139969138, 0.5589230147200925, 0.6300238107693459]","[0.0, 1.2442831528214333e-14, 2.6491189705230517e-14, -1.8303003796341082e-13, -9.793712557691282e-14, -5.619343270806473e-14]",True
5,13,1.440739871,"[-2.3897028975374806, 0.3143007168326041, 0.6678586625423789, -2.250424856180475, -1.275528747542989, -1.4376295934226446]","[1.0471975511965976, -0.1377049335457643, -0.29270972520449934, 0.9861487139969107, 0.5589230147200891, 0.6300238107693457]","[0.0, 1.1640068203813373e-14, -2.3280136407626745e-14, 9.312054563050698e-14, 0.0, 4.656027281525349e-14]",True
5,14,1.509889955,"[-2.317289099016156, 0.30477840912496956, 0.6476177604872024, -2.182232589873285, -1.2368791741834793, -1.3940633940512295]","[1.0471975511965976, -0.1377049335457647, -0.2927097252045003, 0.9861487139969138, 0.5589230147200925, 0.6300238107693492]","[0.0, -2.4082899732027742e-14, -3.2110532976036987e-15, -3.2110532976036987e-15, 9.793712557691282e-14, 5.619343270806473e-14]",True
5,15,1.5790400390000001,"[-2.2448753004948316, 0.295256101417335, 0.6273768584320261, -2.114040323566095, -1.1982296008239692, -1.3504971946798143]","[1.0471975511965976, -0.13770493354576555, -0.2927097252045004, 0.986148713996917, 0.5589230147200943, 0.6300238107693511]","[0.0, 0.0, 0.0, 9.312054563050756e-14, -4.656027281525378e-14, 0.0]",True
5,16,1.648190122,"[-2.1724615019735074, 0.2857337937097004, 0.6071359563768497, -2.0458480572589046, -1.1595800274644594, -1.3069309953083992]","[1.0471975511965976, -0.1377049335457647, -0.29270972520449945, 0.9861487139969154, 0.5589230147200909, 0.6300238107693475]","[0.0, 2.4082899732027742e-14, 2.6491189705230517e-14, -1.364697651481572e-13, -5.137685276165918e-14, -1.0275370552331836e-13]",True
5,17,1.717340206,"[-2.1000477034521827, 0.2762114860020659, 0.5868950543216733, -1.9776557909517145, -1.1209304541049496, -1.2633647959369843]","[1.0471975511965976, -0.13770493354576469, -0.29270972520449856, 0.9861487139969123, 0.5589230147200908, 0.6300238107693457]","[0.0, -2.3280136407626745e-14, 0.0, 4.656027281525349e-14, 4.656027281525349e-14, 4.656027281525349e-14]",True
5,18,1.7864902900000001,"[-2.027633904930858, 0.2666891782944313, 0.566654152266497, -1.9094635246445242, -1.0822808807454396, -1.219798596565569]","[1.0471975511965976, -0.13770493354576513, -0.29270972520449945, 0.9861487139969154, 0.5589230147200941, 0.6300238107693475]","[0.0, 1.0837304879412484e-14, -2.6491189705230517e-14, 4.3349219517649934e-14, 5.137685276165918e-14, 9.633159892811096e-15]",True
5,19,1.855640374,"[-1.9552201064095338, 0.25716687058679677, 0.5464132502113206, -1.841271258337334, -1.0436313073859296, -1.1762323971941542]","[1.0471975511965976, -0.13770493354576474, -0.2927097252044999, 0.9861487139969137, 0.5589230147200918, 0.6300238107693485]","[0.0, 4.01381662200463e-16, 1.3646976514815742e-14, -9.312054563050741e-14, -1.1880897201133704e-13, 1.7660793136820373e-14]",True
5,20,1.924790458,"[-1.8828063078882094, 0.24764456287916223, 0.5261723481561442, -1.7730789920301442, -1.00498173402642, -1.132666197822739]","[1.0471975511965976, -0.1377049335457647, -0.29270972520449945, 0.9861487139969121, 0.5589230147200908, 0.6300238107693491]","[0.0, 0.0, 0.0, 4.6560272815253636e-14, 9.151501898170541e-14, 0.0]",True
5,21,1.993940542,"[-1.810392509366885, 0.23812225517152769, 0.5059314461009679, -1.704886725722954, -0.96633216066691, -1.0890999984513239]","[1.0471975511965976, -0.1377049335457649, -0.2927097252044999, 0.9861487139969154, 0.5589230147200932, 0.6300238107693491]","[0.0, -5.619343270806473e-15, -1.2041449866013871e-14, 4.6560272815253636e-14, -2.247737308322589e-14, 0.0]",True
5,22,2.063090626,"[-1.7379787108455604, 0.22859994746389312, 0.48569054404579143, -1.6366944594157637, -0.9276825873074, -1.0455337990799087]","[1.0471975511965976, -0.1377049335457649, -0.2927097252044999, 0.9861487139969154, 0.5589230147200924, 0.6300238107693474]","[0.0, 5.619343270806473e-15, 1.2041449866013871e-14, -4.6560272815253636e-14, 0.0, -4.6560272815253636e-14]",True
5,23,2.13224071,"[-1.665564912324236, 0.21907763975625857, 0.46544964199061506, -1.5685021931085736, -0.8890330139478901, -1.0019675997084938]","[1.0471975511965976, -0.1377049335457647, -0.29270972520449945, 0.9861487139969137, 0.5589230147200924, 0.6300238107693459]","[0.0, 0.0, 0.0, 0.0, 0.0, 0.0]",True
5,24,2.201390794,"[-1.5931511138029115, 0.20955533204862403, 0.4452087399354387, -1.5003099268013835, -0.8503834405883802, -0.9584014003370789]","[1.0471975511965976, -0.1377049335457647, -0.29270972520449906, 0.9861487139969137, 0.5589230147200916, 0.6300238107693474]","[0.0, 0.0, 1.1238686541612945e-14, 0.0, -2.247737308322589e-14, 4.6560272815253636e-14]",True
5,25,2.270540878,"[-1.520737315281587, 0.2000330243409895, 0.4249678378802624, -1.4321176604941934, -0.8117338672288704, -0.9148352009656637]","[1.0471975511965976, -0.13770493354576493, -0.29270972520449956, 0.9861487139969154, 0.5589230147200925, 0.6300238107693485]","[0.0, -6.422106595207408e-15, -2.4885663056428707e-14, 4.6560272815253705e-14, 4.816579946405556e-14, -1.7660793136820373e-14]",True
5,26,2.339690961,"[-1.4483235167602628, 0.19051071663335495, 0.404726935825086, -1.3639253941870033, -0.7730842938693605, -0.8712690015942488]","[1.0471975511965976, -0.13770493354576513, -0.2927097252044999, 0.9861487139969141, 0.5589230147200924, 0.6300238107693482]","[0.0, 1.2041449866013854e-15, 1.5252503163617548e-14, -8.50929123864979e-14, -5.137685276165911e-14, 9.633159892811083e-15]",True
5,27,2.408841045,"[-1.375909718238938, 0.18098840892572032, 0.38448603376990953, -1.295733127879813, -0.7344347205098505, -0.8277028022228334]","[1.0471975511965976, -0.13770493354576469, -0.2927097252044994, 0.9861487139969124, 0.5589230147200908, 0.6300238107693472]","[0.0, 1.1238686541612912e-14, -1.6055266488018446e-15, 3.853263957124427e-14, 3.2110532976036892e-15, -3.853263957124427e-14]",True
5,28,2.477991129,"[-1.3034959197176135, 0.1714661012180858, 0.36424513171473316, -1.2275408615726229, -0.6957851471503407, -0.7841366028514185]","[1.0471975511965976, -0.1377049335457649, -0.2927097252044999, 0.9861487139969154, 0.5589230147200934, 0.6300238107693485]","[0.0, -1.8062174799020835e-14, -1.3646976514815742e-14, 4.6560272815253705e-14, 7.224869919608334e-14, 7.545975249368705e-14]",True
5,29,2.5471412129999997,"[-1.2310821211962892, 0.16194379351045124, 0.3440042296595568, -1.1593485952654328, -0.6571355737908307, -0.7405704034800034]","[1.0471975511965976, -0.1377049335457647, -0.29270972520449945, 0.9861487139969138, 0.5589230147200925, 0.6300238107693475]","[0.0, 2.4082899732027742e-14, 2.6491189705230517e-14, -8.990949233290356e-14, -9.793712557691282e-14, -1.0275370552331836e-13]",True
5,30,2.616291297,"[-1.1586683226749646, 0.15242148580281673, 0.3237633276043804, -1.0911563289582427, -0.6184860004313208, -0.6970042041085884]","[1.0471975511965976, -0.1377049335457647, -0.29270972520449945, 0.9861487139969123, 0.5589230147200909, 0.6300238107693475]","[0.0, -2.4082899732027742e-14, -2.6491189705230517e-14, 4.3349219517649934e-14, 5.137685276165918e-14, 1.0275370552331836e-13]",True
5,31,2.685441381,"[-1.0862545241536403, 0.14289917809518216, 0.30352242554920406, -1.0229640626510528, -0.579836427071811, -0.6534380047371733]","[1.0471975511965976, -0.1377049335457647, -0.29270972520449945, 0.9861487139969138, 0.5589230147200909, 0.6300238107693475]","[0.0, 2.4082899732027742e-14, 2.6491189705230517e-14, 3.2110532976036987e-15, -5.137685276165918e-14, -1.0275370552331836e-13]",True
5,32,2.754591465,"[-1.0138407256323156, 0.13337687038754764, 0.2832815234940277, -0.9547717963438624, -0.5411868537123012, -0.6098718053657584]","[1.0471975511965976, -0.1377049335457647, -0.29270972520449945, 0.9861487139969138, 0.5589230147200925, 0.6300238107693475]","[0.0, -2.4082899732027742e-14, -2.6491189705230517e-14, -3.2110532976036987e-15, 9.793712557691282e-14, 1.0275370552331836e-13]",True
5,33,2.823741549,"[-0.9414269271109914, 0.12385456267991307, 0.2630406214388513, -0.8865795300366726, -0.5025372803527912, -0.5663056059943432]","[1.0471975511965976, -0.13770493354576555, -0.2927097252045004, 0.986148713996917, 0.5589230147200943, 0.6300238107693494]","[0.0, 0.0, 0.0, 9.312054563050756e-14, -4.656027281525378e-14, -4.656027281525378e-14]",True
5,34,2.892891633,"[-0.8690131285896672, 0.1143322549722785, 0.24279971938367495, -0.8183872637294822, -0.4638877069932814, -0.5227394066229283]","[1.0471975511965976, -0.13770493354576469, -0.29270972520449945, 0.9861487139969141, 0.5589230147200908, 0.6300238107693472]","[0.0, 2.4484281394228134e-14, 2.8096716354032286e-14, -1.750024047194011e-13, -5.298237941046088e-14, -1.7660793136820294e-14]",True
5,35,2.962041717,"[-0.796599330068342, 0.10480994726464393, 0.22255881732849847, -0.7501949974222919, -0.4252381336337714, -0.4791732072515129]","[1.0471975511965976, -0.13770493354576469, -0.29270972520449945, 0.9861487139969141, 0.5589230147200908, 0.6300238107693472]","[0.0, -2.4484281394228134e-14, -2.8096716354032286e-14, 1.750024047194011e-13, 5.298237941046088e-14, 1.7660793136820294e-14]",True
5,36,3.0311918,"[-0.7241855315470178, 0.09528763955700936, 0.2023179152733221, -0.6820027311151016, -0.3865885602742616, -0.435607007880098]","[1.0471975511965976, -0.13770493354576513, -0.2927097252045004, 0.986148713996917, 0.5589230147200943, 0.6300238107693494]","[0.0, 1.1640068203813445e-14, 0.0, -9.312054563050756e-14, 4.656027281525378e-14, 4.656027281525378e-14]",True
5,37,3.100341884,"[-0.6517717330256936, 0.08576533184937485, 0.18207701321814573, -0.6138104648079117, -0.34793898691475156, -0.39204080850868284]","[1.0471975511965976, -0.1377049335457647, -0.29270972520449945, 0.9861487139969138, 0.5589230147200925, 0.6300238107693475]","[0.0, 8.027633244009247e-16, 2.6491189705230517e-14, 3.2110532976036987e-15, -9.793712557691282e-14, -1.0275370552331836e-13]",True
5,38,3.169491968,"[-0.5793579345043689, 0.07624302414174028, 0.16183611116296936, -0.5456181985007214, -0.30928941355524175, -0.3484746091372679]","[1.0217850446529861, -0.1343632264143637, -0.28560649258269055, 0.9622176891212493, 0.5453595426199895, 0.6147349245458145]","[-0.7167158270713042, 0.09424707422708846, 0.20033439970520467, -0.6749331970457556, -0.3825342890713485, -0.4311966124195935]",True
5,39,3.242169401,"[-0.5069441359830447, 0.06672071643410576, 0.141595209107793, -0.47742593219353147, -0.27063984019573195, -0.30490840976585276]","[0.9675002700867255, -0.1272248586196224, -0.27043296450489696, 0.9110975728003479, 0.5163860124400296, 0.5820756612578988]","[-0.7708213364407408, 0.101361868912834, 0.21545782007754047, -0.7258844988549704, -0.4114121396500366, -0.4637480246701184]",True
5,40,3.319317961,"[-0.43453033746172, 0.057198408726471195, 0.12135430705261663, -0.4092336658863416, -0.23199026683622215, -0.26134221039443783]","[0.9070516431214635, -0.11927595332503642, -0.2535365336759927, 0.8541729403118994, 0.48412263598302124, 0.5457080491746658]","[-0.7900891511005973, 0.10389555812388569, 0.22084350564173008, -0.7440290510709481, -0.4216959920562352, -0.47534008960873314]",True
5,41,3.402031659,"[-0.36211653894039575, 0.04767610101883668, 0.10111340499744026, -0.34104139957915125, -0.19334069347671212, -0.2177760110230227]","[0.8317586225872524, -0.10937503216906541, -0.2324908395515151, 0.7832693029915945, 0.4439363292290798, 0.5004096280056188]","[-1.0015014382151712, 0.13169596208262846, 0.2799368757470062, -0.9431165630912137, -0.5345335294703224, -0.6025317304021425]",True
5,42,3.49392245,"[-0.28970274041907107, 0.03815379331120211, 0.08087250294226389, -0.27284913327196136, -0.15469112011720232, -0.17420981165160776]","[0.7440203474263278, -0.09783757838429533, -0.20796648272607623, 0.7006459363504229, 0.3971075897966285, 0.4476237879279254]","[-0.9014391343241616, 0.11853791669567797, 0.2519677409435216, -0.8488876258776461, -0.48112705951937024, -0.542331404360646]",True
5,43,3.59737092,"[-0.2172889418977464, 0.02863148560356754, 0.06063160088708741, -0.2046568669647706, -0.1160415467576923, -0.1306436122801924]","[0.6440141216082438, -0.08468690718122987, -0.18001302270843123, 0.6064698080072128, 0.3437310505169575, 0.38745720004909345]","[-0.9882761757363859, 0.12995685957165481, 0.2762401874368428, -0.9306622983052613, -0.5274747815132383, -0.5945750365998702]",True
5,44,3.720517459,"[-0.14487514337642216, 0.01910917789593297, 0.04039069883191104, -0.1364646006575807, -0.07739197339818249, -0.08707741290877746]","[0.5214188869881002, -0.06856581463560273, -0.14574554624609665, 0.49102155010719994, 0.2782980306957111, 0.3137004224389004]","[-0.9436107252494603, 0.12408341870650481, 0.26375542587182876, -0.8886007250066159, -0.5036353939865437, -0.5677030320832812]",True
5,45,3.879735758,"[-0.07246134485509748, 0.009586870188298457, 0.020149796776734674, -0.06827233435039037, -0.038742400038672464, -0.043511213537362314]","[0.3228990320814974, -0.042460746498085095, -0.09025583266631386, 0.30407487572345987, 0.17234159901822407, 0.19426523529706646]","[-0.9800667096133233, 0.12887732688402762, 0.2739455004695053, -0.9229314222631521, -0.5230931253973513, -0.5896359884466909]",True
5,46,4.258885842,"[-4.7546333773061634e-05, 6.45624806638807e-05, -9.110527844168246e-05, -8.006804320029915e-05, -9.282667916268111e-05, 5.498583405278623e-05]","[0.0, 0.0, 0.0, 0.0, 0.0, 0.0]","[-1.007462784043477, 0.13247987026708916, 0.2816031744288941, -0.9487303782834263, -0.5377152914771881, -0.6061182454887231]",True
